match_id,date,team,winner,won,runs_scored,runs_conceded,form_to_date,form_last_10,avg_runs_scored,avg_runs_conceded,recent_runs_scored,recent_runs_conceded
335983,2008-04-19,Chennai Super Kings,Chennai Super Kings,1,240.0,207.0,0.5,0.5,160.0,160.0,160.0,160.0
335989,2008-04-23,Chennai Super Kings,Chennai Super Kings,1,208.0,202.0,1.0,0.5,240.0,207.0,160.0,160.0
335993,2008-04-26,Chennai Super Kings,Chennai Super Kings,1,152.0,147.0,1.0,0.5,224.0,204.5,224.0,204.5
335996,2008-04-28,Chennai Super Kings,Chennai Super Kings,1,178.0,165.0,1.0,1.0,200.0,185.33333333333334,200.0,185.33333333333334
336001,2008-05-02,Chennai Super Kings,Delhi Daredevils,0,169.0,172.0,1.0,1.0,194.5,180.25,194.5,180.25
336005,2008-05-04,Chennai Super Kings,Rajasthan Royals,0,109.0,110.0,0.8,0.8,189.4,178.6,189.4,178.6
336007,2008-05-06,Chennai Super Kings,Deccan Chargers,0,144.0,148.0,0.6666666666666666,0.6666666666666666,176.0,167.16666666666666,163.2,159.2
336009,2008-05-08,Chennai Super Kings,Chennai Super Kings,1,188.0,187.0,0.5714285714285714,0.5714285714285714,171.42857142857142,164.42857142857142,150.4,148.4
336013,2008-05-10,Chennai Super Kings,Chennai Super Kings,1,181.0,163.0,0.625,0.625,173.5,167.25,157.6,156.4
336018,2008-05-14,Chennai Super Kings,Mumbai Indians,0,156.0,158.0,0.6666666666666666,0.6666666666666666,174.33333333333334,166.77777777777777,158.2,156.0
336025,2008-05-18,Chennai Super Kings,Chennai Super Kings,1,55.0,149.0,0.6,0.6,172.5,165.9,155.6,153.2
336029,2008-05-21,Chennai Super Kings,Royal Challengers Bangalore,0,112.0,126.0,0.6363636363636364,0.6,161.8181818181818,164.36363636363637,144.8,161.0
336033,2008-05-24,Chennai Super Kings,Rajasthan Royals,0,201.0,211.0,0.5833333333333334,0.5,157.66666666666666,161.16666666666666,138.4,156.6
336037,2008-05-27,Chennai Super Kings,Chennai Super Kings,1,148.0,147.0,0.5384615384615384,0.4,161.0,165.0,141.0,161.4
336039,2008-05-31,Chennai Super Kings,Chennai Super Kings,1,116.0,112.0,0.5714285714285714,0.4,160.07142857142858,163.71428571428572,134.4,158.2
336040,2008-06-01,Chennai Super Kings,Rajasthan Royals,0,163.0,164.0,0.6,0.5,157.13333333333333,160.26666666666668,126.4,149.0
392181,2009-04-18,Chennai Super Kings,Mumbai Indians,0,146.0,165.0,0.5625,0.5,157.5,160.5,148.0,152.0
392185,2009-04-20,Chennai Super Kings,Chennai Super Kings,1,179.0,87.0,0.5294117647058824,0.5,156.8235294117647,160.76470588235293,154.8,159.8
392189,2009-04-23,Chennai Super Kings,Delhi Daredevils,0,180.0,189.0,0.5555555555555556,0.5,158.05555555555554,156.66666666666666,150.4,135.0
392196,2009-04-27,Chennai Super Kings,Deccan Chargers,0,165.0,169.0,0.5263157894736842,0.4,159.21052631578948,158.3684210526316,156.8,143.4
392202,2009-04-30,Chennai Super Kings,Chennai Super Kings,1,164.0,126.0,0.5,0.4,159.5,158.9,166.6,154.8
392206,2009-05-02,Chennai Super Kings,Chennai Super Kings,1,163.0,145.0,0.5238095238095238,0.4,159.71428571428572,157.33333333333334,166.8,147.2
392209,2009-05-04,Chennai Super Kings,Chennai Super Kings,1,178.0,100.0,0.5454545454545454,0.5,159.86363636363637,156.77272727272728,170.2,143.2
392214,2009-05-07,Chennai Super Kings,Chennai Super Kings,1,185.0,174.0,0.5652173913043478,0.6,160.65217391304347,154.30434782608697,170.0,145.8
392217,2009-05-09,Chennai Super Kings,Chennai Super Kings,1,141.0,140.0,0.5833333333333334,0.6,161.66666666666666,155.125,171.0,142.8
392224,2009-05-14,Chennai Super Kings,Royal Challengers Bangalore,0,129.0,132.0,0.6,0.6,160.84,154.52,166.2,137.0
392227,2009-05-16,Chennai Super Kings,Chennai Super Kings,1,151.0,147.0,0.5769230769230769,0.6,159.6153846153846,153.65384615384616,159.2,138.2
392231,2009-05-18,Chennai Super Kings,Kolkata Knight Riders,0,188.0,189.0,0.5925925925925926,0.7,159.2962962962963,153.40740740740742,156.8,138.6
392234,2009-05-20,Chennai Super Kings,Chennai Super Kings,1,116.0,92.0,0.5714285714285714,0.6,160.32142857142858,154.67857142857142,158.8,156.4
392238,2009-05-23,Chennai Super Kings,Royal Challengers Bangalore,0,146.0,149.0,0.5862068965517241,0.7,158.79310344827587,152.51724137931035,145.0,140.0
419110,2010-03-14,Chennai Super Kings,Deccan Chargers,0,159.0,190.0,0.5666666666666667,0.7,158.36666666666667,152.4,146.0,141.8
419113,2010-03-16,Chennai Super Kings,Chennai Super Kings,1,164.0,109.0,0.5483870967741935,0.6,158.38709677419354,153.61290322580646,152.0,153.4
419116,2010-03-19,Chennai Super Kings,Chennai Super Kings,1,190.0,185.0,0.5625,0.6,158.5625,152.21875,154.6,145.8
419123,2010-03-23,Chennai Super Kings,Royal Challengers Bangalore,0,135.0,171.0,0.5757575757575758,0.6,159.5151515151515,153.21212121212122,155.0,145.0
419125,2010-03-25,Chennai Super Kings,Mumbai Indians,0,180.0,181.0,0.5588235294117647,0.5,158.7941176470588,153.73529411764707,158.8,160.8
419129,2010-03-28,Chennai Super Kings,Rajasthan Royals,0,160.0,177.0,0.5428571428571428,0.4,159.4,154.5142857142857,165.6,167.2
419133,2010-03-31,Chennai Super Kings,Chennai Super Kings,1,162.0,161.0,0.5277777777777778,0.4,159.41666666666666,155.13888888888889,165.8,164.6
419137,2010-04-03,Chennai Super Kings,Chennai Super Kings,1,246.0,223.0,0.5405405405405406,0.4,159.48648648648648,155.2972972972973,165.4,175.0
419142,2010-04-06,Chennai Super Kings,Chennai Super Kings,1,165.0,141.0,0.5526315789473685,0.5,161.76315789473685,157.07894736842104,176.6,182.6
419147,2010-04-10,Chennai Super Kings,Deccan Chargers,0,138.0,139.0,0.5641025641025641,0.5,161.84615384615384,156.66666666666666,182.6,176.6
419153,2010-04-13,Chennai Super Kings,Chennai Super Kings,1,143.0,139.0,0.55,0.5,161.25,156.225,174.2,168.2
419155,2010-04-15,Chennai Super Kings,Delhi Daredevils,0,112.0,113.0,0.5609756097560976,0.6,160.8048780487805,155.8048780487805,170.8,160.6
419159,2010-04-18,Chennai Super Kings,Chennai Super Kings,1,195.0,192.0,0.5476190476190477,0.5,159.64285714285714,154.78571428571428,160.8,151.0
419163,2010-04-22,Chennai Super Kings,Chennai Super Kings,1,142.0,104.0,0.5581395348837209,0.5,160.46511627906978,155.65116279069767,150.6,144.8
419165,2010-04-25,Chennai Super Kings,Chennai Super Kings,1,168.0,146.0,0.5681818181818182,0.6,160.04545454545453,154.47727272727272,146.0,137.4
501198,2011-04-08,Chennai Super Kings,Chennai Super Kings,1,153.0,151.0,0.5777777777777777,0.7,160.22222222222223,154.2888888888889,152.0,138.8
501206,2011-04-13,Chennai Super Kings,Kings XI Punjab,0,188.0,193.0,0.5869565217391305,0.8,160.06521739130434,154.2173913043478,154.0,141.2
501211,2011-04-16,Chennai Super Kings,Chennai Super Kings,1,183.0,162.0,0.574468085106383,0.7,160.6595744680851,155.04255319148936,169.2,157.2
501215,2011-04-18,Chennai Super Kings,Kochi Tuskers Kerala,0,131.0,135.0,0.5833333333333334,0.7,161.125,155.1875,166.8,151.2
501221,2011-04-22,Chennai Super Kings,Mumbai Indians,0,156.0,164.0,0.5714285714285714,0.6,160.51020408163265,154.77551020408163,164.6,157.4
501226,2011-04-25,Chennai Super Kings,Chennai Super Kings,1,142.0,117.0,0.56,0.6,160.42,154.96,162.2,161.0
501228,2011-04-27,Chennai Super Kings,Chennai Super Kings,1,145.0,141.0,0.5686274509803921,0.6,160.05882352941177,154.2156862745098,160.0,154.2
501236,2011-05-01,Chennai Super Kings,Chennai Super Kings,1,165.0,146.0,0.5769230769230769,0.7,159.76923076923077,153.96153846153845,151.4,143.8
501240,2011-05-04,Chennai Super Kings,Chennai Super Kings,1,149.0,147.0,0.5849056603773585,0.7,159.8679245283019,153.81132075471697,147.8,140.6
501245,2011-05-07,Chennai Super Kings,Kolkata Knight Riders,0,114.0,61.0,0.5925925925925926,0.7,159.66666666666666,153.6851851851852,151.4,143.0
501249,2011-05-09,Chennai Super Kings,Chennai Super Kings,1,196.0,133.0,0.5818181818181818,0.6,158.83636363636364,152.0,143.0,122.4
501253,2011-05-12,Chennai Super Kings,Chennai Super Kings,1,176.0,158.0,0.5892857142857143,0.6,159.5,151.66071428571428,153.8,125.6
501261,2011-05-18,Chennai Super Kings,Chennai Super Kings,1,152.0,141.0,0.5964912280701754,0.7,159.78947368421052,151.7719298245614,160.0,129.0
501266,2011-05-22,Chennai Super Kings,Royal Challengers Bangalore,0,128.0,129.0,0.603448275862069,0.7,159.6551724137931,151.58620689655172,157.4,128.0
501268,2011-05-24,Chennai Super Kings,Chennai Super Kings,1,177.0,175.0,0.5932203389830508,0.7,159.11864406779662,151.20338983050848,153.2,124.4
501271,2011-05-28,Chennai Super Kings,Chennai Super Kings,1,205.0,147.0,0.6,0.8,159.41666666666666,151.6,165.8,147.2
548306,2012-04-04,Chennai Super Kings,Mumbai Indians,0,112.0,115.0,0.6065573770491803,0.8,160.1639344262295,151.52459016393442,167.6,150.0
548311,2012-04-07,Chennai Super Kings,Chennai Super Kings,1,193.0,119.0,0.5967741935483871,0.7,159.38709677419354,150.93548387096774,154.8,141.4
548316,2012-04-10,Chennai Super Kings,Delhi Daredevils,0,110.0,111.0,0.6031746031746031,0.7,159.9206349206349,150.42857142857142,163.0,137.0
548318,2012-04-12,Chennai Super Kings,Chennai Super Kings,1,208.0,205.0,0.59375,0.6,159.140625,149.8125,159.4,133.4
548322,2012-04-14,Chennai Super Kings,Pune Warriors,0,155.0,156.0,0.6,0.7,159.8923076923077,150.66153846153847,165.6,139.4
548330,2012-04-19,Chennai Super Kings,Chennai Super Kings,1,164.0,151.0,0.5909090909090909,0.6,159.8181818181818,150.74242424242425,155.6,141.2
548332,2012-04-21,Chennai Super Kings,Chennai Super Kings,1,147.0,146.0,0.5970149253731343,0.6,159.88059701492537,150.7462686567164,166.0,148.4
548343,2012-04-28,Chennai Super Kings,Kings XI Punjab,0,149.0,156.0,0.6029411764705882,0.6,159.69117647058823,150.6764705882353,156.8,153.8
548347,2012-04-30,Chennai Super Kings,Kolkata Knight Riders,0,139.0,140.0,0.5942028985507246,0.6,159.53623188405797,150.7536231884058,164.6,162.8
548352,2012-05-04,Chennai Super Kings,Chennai Super Kings,1,160.0,150.0,0.5857142857142857,0.5,159.24285714285713,150.6,150.8,149.8
548355,2012-05-06,Chennai Super Kings,Mumbai Indians,0,173.0,174.0,0.5915492957746479,0.5,159.25352112676057,150.59154929577466,151.8,148.6
548361,2012-05-10,Chennai Super Kings,Chennai Super Kings,1,127.0,126.0,0.5833333333333334,0.5,159.44444444444446,150.91666666666666,153.6,153.2
548364,2012-05-12,Chennai Super Kings,Chennai Super Kings,1,115.0,114.0,0.589041095890411,0.5,159.0,150.57534246575344,149.6,149.2
548368,2012-05-14,Chennai Super Kings,Chennai Super Kings,1,160.0,158.0,0.5945945945945946,0.6,158.40540540540542,150.0810810810811,142.8,140.8
548371,2012-05-17,Chennai Super Kings,Kings XI Punjab,0,120.0,123.0,0.6,0.6,158.42666666666668,150.18666666666667,147.0,144.4
548379,2012-05-23,Chennai Super Kings,Chennai Super Kings,1,187.0,149.0,0.5921052631578947,0.6,157.92105263157896,149.82894736842104,139.0,139.0
548380,2012-05-25,Chennai Super Kings,Chennai Super Kings,1,222.0,136.0,0.5974025974025974,0.6,158.2987012987013,149.8181818181818,141.8,134.0
548381,2012-05-27,Chennai Super Kings,Kolkata Knight Riders,0,190.0,192.0,0.6025641025641025,0.6,159.1153846153846,149.64102564102564,160.8,136.0
598002,2013-04-06,Chennai Super Kings,Mumbai Indians,0,139.0,148.0,0.5949367088607594,0.6,159.50632911392404,150.1772151898734,175.8,151.6
598007,2013-04-10,Chennai Super Kings,Chennai Super Kings,1,139.0,138.0,0.5875,0.6,159.25,150.15,171.6,149.6
598012,2013-04-13,Chennai Super Kings,Chennai Super Kings,1,166.0,165.0,0.5925925925925926,0.6,159.0,150.0,175.4,152.6
598015,2013-04-15,Chennai Super Kings,Pune Warriors,0,135.0,159.0,0.5975609756097561,0.7,159.08536585365854,150.1829268292683,171.2,155.8
598020,2013-04-18,Chennai Super Kings,Chennai Super Kings,1,169.0,83.0,0.5903614457831325,0.6,158.79518072289156,150.289156626506,153.8,160.4
598022,2013-04-20,Chennai Super Kings,Chennai Super Kings,1,124.0,119.0,0.5952380952380952,0.6,158.91666666666666,149.48809523809524,149.6,138.6
598026,2013-04-22,Chennai Super Kings,Chennai Super Kings,1,186.0,185.0,0.6,0.6,158.50588235294117,149.12941176470588,146.6,132.8
598030,2013-04-25,Chennai Super Kings,Chennai Super Kings,1,160.0,159.0,0.6046511627906976,0.7,158.82558139534885,149.54651162790697,156.0,142.2
598034,2013-04-28,Chennai Super Kings,Chennai Super Kings,1,200.0,186.0,0.6091954022988506,0.7,158.83908045977012,149.6551724137931,154.8,141.0
598038,2013-04-30,Chennai Super Kings,Chennai Super Kings,1,164.0,127.0,0.6136363636363636,0.7,159.3068181818182,150.0681818181818,167.8,146.4
598041,2013-05-02,Chennai Super Kings,Chennai Super Kings,1,186.0,171.0,0.6179775280898876,0.8,159.35955056179776,149.80898876404495,166.8,155.2
598046,2013-05-05,Chennai Super Kings,Mumbai Indians,0,79.0,139.0,0.6222222222222222,0.9,159.65555555555557,150.04444444444445,179.2,165.6
598051,2013-05-08,Chennai Super Kings,Chennai Super Kings,1,223.0,146.0,0.6153846153846154,0.8,158.76923076923077,149.92307692307693,157.8,156.4
598058,2013-05-12,Chennai Super Kings,Rajasthan Royals,0,141.0,144.0,0.6195652173913043,0.8,159.4673913043478,149.8804347826087,170.4,153.8
598062,2013-05-14,Chennai Super Kings,Chennai Super Kings,1,168.0,135.0,0.6129032258064516,0.8,159.2688172043011,149.81720430107526,158.6,145.4
598068,2013-05-18,Chennai Super Kings,Royal Challengers Bangalore,0,82.0,106.0,0.6170212765957447,0.8,159.36170212765958,149.6595744680851,159.4,147.0
598070,2013-05-21,Chennai Super Kings,Chennai Super Kings,1,192.0,144.0,0.6105263157894737,0.7,158.54736842105262,149.2,138.6,134.0
598073,2013-05-26,Chennai Super Kings,Mumbai Indians,0,125.0,148.0,0.6145833333333334,0.7,158.89583333333334,149.14583333333334,161.2,135.0
729283,2014-04-18,Chennai Super Kings,Kings XI Punjab,0,205.0,206.0,0.6082474226804123,0.6,158.5463917525773,149.1340206185567,141.6,135.4
729293,2014-04-21,Chennai Super Kings,Chennai Super Kings,1,177.0,84.0,0.6020408163265306,0.5,159.0204081632653,149.71428571428572,154.4,147.8
729297,2014-04-23,Chennai Super Kings,Chennai Super Kings,1,140.0,133.0,0.6060606060606061,0.5,159.2020202020202,149.05050505050505,156.2,137.6
729303,2014-04-25,Chennai Super Kings,Chennai Super Kings,1,142.0,141.0,0.61,0.5,159.01,148.89,167.8,143.0
729311,2014-04-27,Chennai Super Kings,Chennai Super Kings,1,146.0,145.0,0.6138613861386139,0.6,158.84158415841586,148.8118811881188,157.8,142.4
733971,2014-05-02,Chennai Super Kings,Chennai Super Kings,1,148.0,114.0,0.6176470588235294,0.6,158.7156862745098,148.77450980392157,162.0,141.8
733981,2014-05-05,Chennai Super Kings,Chennai Super Kings,1,181.0,178.0,0.6213592233009708,0.7,158.61165048543688,148.4368932038835,150.6,123.4
733987,2014-05-07,Chennai Super Kings,Kings XI Punjab,0,187.0,231.0,0.625,0.7,158.82692307692307,148.72115384615384,151.4,142.2
733995,2014-05-10,Chennai Super Kings,Chennai Super Kings,1,160.0,157.0,0.6190476190476191,0.7,159.0952380952381,149.5047619047619,160.8,161.8
734003,2014-05-13,Chennai Super Kings,Chennai Super Kings,1,149.0,148.0,0.6226415094339622,0.7,159.10377358490567,149.5754716981132,164.4,165.0
734013,2014-05-18,Chennai Super Kings,Royal Challengers Bangalore,0,138.0,142.0,0.6261682242990654,0.8,159.00934579439252,149.5607476635514,165.0,165.6
734023,2014-05-20,Chennai Super Kings,Kolkata Knight Riders,0,154.0,156.0,0.6203703703703703,0.8,158.8148148148148,149.49074074074073,163.0,171.2
734029,2014-05-22,Chennai Super Kings,Sunrisers Hyderabad,0,185.0,189.0,0.6146788990825688,0.7,158.77064220183487,149.55045871559633,157.6,166.8
734035,2014-05-24,Chennai Super Kings,Chennai Super Kings,1,160.0,154.0,0.6090909090909091,0.6,159.0090909090909,149.9090909090909,157.2,158.4
734045,2014-05-28,Chennai Super Kings,Chennai Super Kings,1,176.0,173.0,0.6126126126126126,0.6,159.018018018018,149.94594594594594,157.2,157.8
734047,2014-05-30,Chennai Super Kings,Kings XI Punjab,0,202.0,226.0,0.6160714285714286,0.6,159.16964285714286,150.15178571428572,162.6,162.8
829707,2015-04-09,Chennai Super Kings,Chennai Super Kings,1,150.0,149.0,0.6106194690265486,0.5,159.5486725663717,150.8230088495575,175.4,179.6
829711,2015-04-11,Chennai Super Kings,Chennai Super Kings,1,209.0,164.0,0.6140350877192983,0.5,159.46491228070175,150.80701754385964,174.6,178.2
829729,2015-04-17,Chennai Super Kings,Chennai Super Kings,1,189.0,183.0,0.6173913043478261,0.6,159.89565217391305,150.9217391304348,179.4,173.2
829735,2015-04-19,Chennai Super Kings,Rajasthan Royals,0,156.0,157.0,0.6206896551724138,0.6,160.14655172413794,151.19827586206895,185.2,179.0
829745,2015-04-22,Chennai Super Kings,Chennai Super Kings,1,181.0,154.0,0.6153846153846154,0.5,160.11111111111111,151.24786324786325,181.2,175.8
829753,2015-04-25,Chennai Super Kings,Chennai Super Kings,1,192.0,95.0,0.6186440677966102,0.6,160.28813559322035,151.27118644067798,177.0,161.4
829765,2015-04-28,Chennai Super Kings,Chennai Super Kings,1,134.0,132.0,0.6218487394957983,0.7,160.5546218487395,150.7983193277311,185.4,150.6
829723,2015-04-30,Chennai Super Kings,Kolkata Knight Riders,0,165.0,169.0,0.625,0.8,160.33333333333334,150.64166666666668,170.4,144.2
829773,2015-05-02,Chennai Super Kings,Sunrisers Hyderabad,0,170.0,192.0,0.6198347107438017,0.7,160.37190082644628,150.79338842975207,165.6,141.4
829779,2015-05-04,Chennai Super Kings,Chennai Super Kings,1,148.0,124.0,0.6147540983606558,0.6,160.45081967213116,151.13114754098362,168.4,148.4
829789,2015-05-08,Chennai Super Kings,Mumbai Indians,0,158.0,159.0,0.6178861788617886,0.7,160.34959349593495,150.91056910569105,161.8,142.4
829797,2015-05-10,Chennai Super Kings,Chennai Super Kings,1,157.0,145.0,0.6129032258064516,0.6,160.33064516129033,150.9758064516129,155.0,155.2
829801,2015-05-12,Chennai Super Kings,Delhi Daredevils,0,119.0,120.0,0.616,0.6,160.304,150.928,159.6,157.8
829809,2015-05-16,Chennai Super Kings,Chennai Super Kings,1,134.0,130.0,0.6111111111111112,0.5,159.97619047619048,150.68253968253967,150.4,148.0
829817,2015-05-19,Chennai Super Kings,Mumbai Indians,0,162.0,187.0,0.6141732283464567,0.6,159.77165354330708,150.51968503937007,143.2,135.6
829821,2015-05-22,Chennai Super Kings,Chennai Super Kings,1,140.0,139.0,0.609375,0.5,159.7890625,150.8046875,146.0,148.2
829823,2015-05-24,Chennai Super Kings,Mumbai Indians,0,161.0,202.0,0.6124031007751938,0.5,159.63565891472868,150.71317829457365,142.4,144.2
1136561,2018-04-07,Chennai Super Kings,Chennai Super Kings,1,169.0,165.0,0.6076923076923076,0.4,159.64615384615385,151.1076923076923,143.2,155.6
1136565,2018-04-10,Chennai Super Kings,Chennai Super Kings,1,205.0,202.0,0.6106870229007634,0.5,159.7175572519084,151.21374045801528,153.2,164.6
1136572,2018-04-15,Chennai Super Kings,Kings XI Punjab,0,193.0,197.0,0.6136363636363636,0.6,160.06060606060606,151.59848484848484,167.4,179.0
1136577,2018-04-20,Chennai Super Kings,Chennai Super Kings,1,204.0,140.0,0.6090225563909775,0.5,160.30827067669173,151.93984962406014,173.6,181.0
1136580,2018-04-22,Chennai Super Kings,Chennai Super Kings,1,182.0,178.0,0.6119402985074627,0.6,160.63432835820896,151.8507462686567,186.4,181.2
1136584,2018-04-25,Chennai Super Kings,Chennai Super Kings,1,207.0,205.0,0.6148148148148148,0.6,160.7925925925926,152.04444444444445,190.6,176.4
1136587,2018-04-28,Chennai Super Kings,Mumbai Indians,0,169.0,170.0,0.6176470588235294,0.7,161.13235294117646,152.43382352941177,198.2,184.4
1136590,2018-04-30,Chennai Super Kings,Chennai Super Kings,1,211.0,198.0,0.6131386861313869,0.6,161.1897810218978,152.56204379562044,191.0,178.0
1136593,2018-05-03,Chennai Super Kings,Kolkata Knight Riders,0,177.0,180.0,0.6159420289855072,0.7,161.55072463768116,152.8913043478261,194.6,178.2
1136595,2018-05-05,Chennai Super Kings,Chennai Super Kings,1,128.0,127.0,0.6115107913669064,0.6,161.66187050359713,153.0863309352518,189.2,186.2
1136603,2018-05-11,Chennai Super Kings,Rajasthan Royals,0,176.0,177.0,0.6142857142857143,0.7,161.42142857142858,152.9,178.4,176.0
1136606,2018-05-13,Chennai Super Kings,Chennai Super Kings,1,180.0,179.0,0.6099290780141844,0.6,161.52482269503545,153.0709219858156,172.2,170.4
1136612,2018-05-18,Chennai Super Kings,Delhi Daredevils,0,128.0,162.0,0.6126760563380281,0.6,161.6549295774648,153.25352112676057,174.4,172.2
1136616,2018-05-20,Chennai Super Kings,Chennai Super Kings,1,159.0,153.0,0.6083916083916084,0.6,161.41958041958043,153.3146853146853,157.8,165.0
1136617,2018-05-22,Chennai Super Kings,Chennai Super Kings,1,140.0,139.0,0.6111111111111112,0.6,161.40277777777777,153.3125,154.2,159.6
1136620,2018-05-27,Chennai Super Kings,Chennai Super Kings,1,181.0,178.0,0.6137931034482759,0.6,161.2551724137931,153.21379310344827,156.6,162.0
1175356,2019-03-23,Chennai Super Kings,Chennai Super Kings,1,71.0,70.0,0.6164383561643836,0.6,161.3904109589041,153.3835616438356,157.6,162.2
1175360,2019-03-26,Chennai Super Kings,Chennai Super Kings,1,150.0,147.0,0.6190476190476191,0.7,160.77551020408163,152.81632653061226,135.8,140.4
1175367,2019-03-31,Chennai Super Kings,Chennai Super Kings,1,175.0,167.0,0.6216216216216216,0.7,160.7027027027027,152.77702702702703,140.2,137.4
1175370,2019-04-03,Chennai Super Kings,Mumbai Indians,0,133.0,170.0,0.6241610738255033,0.8,160.7986577181208,152.8724832214765,143.4,140.2
1178393,2019-04-06,Chennai Super Kings,Chennai Super Kings,1,160.0,138.0,0.62,0.7,160.61333333333334,152.98666666666668,142.0,146.4
1178398,2019-04-09,Chennai Super Kings,Chennai Super Kings,1,111.0,108.0,0.6225165562913907,0.8,160.60927152317882,152.88741721854305,137.8,138.4
1178400,2019-04-11,Chennai Super Kings,Chennai Super Kings,1,155.0,151.0,0.625,0.8,160.2828947368421,152.5921052631579,145.8,146.0
1178404,2019-04-14,Chennai Super Kings,Chennai Super Kings,1,162.0,161.0,0.6274509803921569,0.9,160.2483660130719,152.58169934640523,146.8,146.8
1178408,2019-04-17,Chennai Super Kings,Sunrisers Hyderabad,0,132.0,137.0,0.6298701298701299,0.9,160.25974025974025,152.63636363636363,144.2,145.6
1178414,2019-04-21,Chennai Super Kings,Royal Challengers Bangalore,0,160.0,161.0,0.6258064516129033,0.8,160.0774193548387,152.53548387096774,144.0,139.0
1178416,2019-04-23,Chennai Super Kings,Chennai Super Kings,1,176.0,175.0,0.6217948717948718,0.7,160.07692307692307,152.5897435897436,144.0,143.6
1178419,2019-04-26,Chennai Super Kings,Mumbai Indians,0,109.0,155.0,0.6242038216560509,0.7,160.17834394904457,152.7324840764331,157.0,157.0
1178425,2019-05-01,Chennai Super Kings,Chennai Super Kings,1,179.0,99.0,0.620253164556962,0.6,159.85443037974684,152.74683544303798,147.8,157.8
1178430,2019-05-05,Chennai Super Kings,Kings XI Punjab,0,170.0,173.0,0.6226415094339622,0.6,159.9748427672956,152.40880503144655,151.2,145.4
1181764,2019-05-07,Chennai Super Kings,Mumbai Indians,0,131.0,132.0,0.61875,0.6,160.0375,152.5375,158.8,152.6
1181767,2019-05-10,Chennai Super Kings,Chennai Super Kings,1,151.0,147.0,0.6149068322981367,0.5,159.85714285714286,152.40993788819875,153.0,146.8
1181768,2019-05-12,Chennai Super Kings,Mumbai Indians,0,148.0,149.0,0.6172839506172839,0.5,159.80246913580248,152.37654320987653,148.0,141.2
1216492,2020-09-19,Chennai Super Kings,Chennai Super Kings,1,166.0,162.0,0.6134969325153374,0.4,159.73006134969324,152.35582822085888,155.8,140.0
1216496,2020-09-22,Chennai Super Kings,Rajasthan Royals,0,200.0,216.0,0.6158536585365854,0.4,159.76829268292684,152.41463414634146,153.2,152.6
1216539,2020-09-25,Chennai Super Kings,Delhi Capitals,0,131.0,175.0,0.6121212121212121,0.4,160.0121212121212,152.8,159.2,161.2
1216516,2020-10-02,Chennai Super Kings,Sunrisers Hyderabad,0,157.0,164.0,0.608433734939759,0.4,159.83734939759037,152.93373493975903,159.2,169.8
1216513,2020-10-04,Chennai Super Kings,Chennai Super Kings,1,181.0,178.0,0.6047904191616766,0.3,159.82035928143713,153.0,160.4,173.2
1216501,2020-10-07,Chennai Super Kings,Kolkata Knight Riders,0,157.0,167.0,0.6071428571428571,0.4,159.94642857142858,153.14880952380952,167.0,179.0
1216525,2020-10-10,Chennai Super Kings,Royal Challengers Bangalore,0,132.0,169.0,0.6035502958579881,0.3,159.92899408284023,153.23076923076923,165.2,180.0
1216528,2020-10-13,Chennai Super Kings,Chennai Super Kings,1,167.0,147.0,0.6,0.3,159.76470588235293,153.3235294117647,151.6,170.6
1216509,2020-10-17,Chennai Super Kings,Delhi Capitals,0,179.0,185.0,0.6023391812865497,0.4,159.80701754385964,153.28654970760235,158.8,165.0
1216533,2020-10-19,Chennai Super Kings,Rajasthan Royals,0,125.0,126.0,0.5988372093023255,0.3,159.91860465116278,153.47093023255815,163.2,169.2
1216521,2020-10-23,Chennai Super Kings,Mumbai Indians,0,114.0,116.0,0.5953757225433526,0.3,159.71676300578034,153.3121387283237,152.0,158.8
1216544,2020-10-25,Chennai Super Kings,Chennai Super Kings,1,150.0,145.0,0.5919540229885057,0.2,159.45402298850576,153.0977011494253,143.4,148.6
1216536,2020-10-29,Chennai Super Kings,Chennai Super Kings,1,178.0,172.0,0.5942857142857143,0.3,159.4,153.05142857142857,147.0,143.8
1216506,2020-11-01,Chennai Super Kings,Chennai Super Kings,1,154.0,153.0,0.5965909090909091,0.4,159.5056818181818,153.1590909090909,149.2,148.8
1254059,2021-04-10,Chennai Super Kings,Delhi Capitals,0,188.0,190.0,0.5988700564971752,0.5,159.47457627118644,153.1581920903955,144.2,142.4
1254065,2021-04-16,Chennai Super Kings,Chennai Super Kings,1,107.0,106.0,0.5955056179775281,0.4,159.63483146067415,153.36516853932585,156.8,155.2
1254069,2021-04-19,Chennai Super Kings,Chennai Super Kings,1,188.0,143.0,0.5977653631284916,0.5,159.34078212290504,153.10055865921788,155.4,153.2
1254072,2021-04-21,Chennai Super Kings,Chennai Super Kings,1,220.0,202.0,0.6,0.6,159.5,153.04444444444445,163.0,152.8
1254076,2021-04-25,Chennai Super Kings,Chennai Super Kings,1,191.0,122.0,0.6022099447513812,0.6,159.8342541436464,153.31491712707182,171.4,158.8
1254080,2021-04-28,Chennai Super Kings,Chennai Super Kings,1,173.0,171.0,0.6043956043956044,0.7,160.0054945054945,153.14285714285714,178.8,152.6
1254084,2021-05-01,Chennai Super Kings,Mumbai Indians,0,218.0,219.0,0.6065573770491803,0.8,160.07650273224044,153.24043715846994,175.8,148.8
1254104,2021-09-19,Chennai Super Kings,Chennai Super Kings,1,156.0,136.0,0.6032608695652174,0.8,160.3913043478261,153.59782608695653,198.0,171.4
1254113,2021-09-24,Chennai Super Kings,Chennai Super Kings,1,157.0,156.0,0.6054054054054054,0.8,160.36756756756756,153.5027027027027,191.6,170.0
1254098,2021-09-26,Chennai Super Kings,Chennai Super Kings,1,172.0,171.0,0.6075268817204301,0.8,160.3494623655914,153.51612903225808,179.0,160.8
1254091,2021-09-30,Chennai Super Kings,Chennai Super Kings,1,139.0,134.0,0.6096256684491979,0.8,160.41176470588235,153.6096256684492,175.2,170.6
1254089,2021-10-02,Chennai Super Kings,Rajasthan Royals,0,189.0,190.0,0.6117021276595744,0.9,160.29787234042553,153.50531914893617,168.4,163.2
1254110,2021-10-04,Chennai Super Kings,Delhi Capitals,0,136.0,139.0,0.6084656084656085,0.8,160.44973544973544,153.6984126984127,162.6,157.4
1254094,2021-10-07,Chennai Super Kings,Punjab Kings,0,134.0,139.0,0.6052631578947368,0.7,160.32105263157894,153.62105263157895,158.6,158.0
1254114,2021-10-10,Chennai Super Kings,Chennai Super Kings,1,173.0,172.0,0.6020942408376964,0.6,160.18324607329842,153.54450261780104,154.0,154.6
1254117,2021-10-15,Chennai Super Kings,Chennai Super Kings,1,192.0,165.0,0.6041666666666666,0.6,160.25,153.640625,154.2,154.8
1304047,2022-03-26,Chennai Super Kings,Kolkata Knight Riders,0,131.0,133.0,0.6062176165803109,0.6,160.41450777202073,153.69948186528498,164.8,161.0
1304053,2022-03-31,Chennai Super Kings,Lucknow Super Giants,0,210.0,211.0,0.6030927835051546,0.6,160.26288659793815,153.59278350515464,153.2,149.6
1304057,2022-04-03,Chennai Super Kings,Punjab Kings,0,126.0,180.0,0.6,0.5,160.5179487179487,153.88717948717948,168.0,164.0
1304063,2022-04-09,Chennai Super Kings,Sunrisers Hyderabad,0,154.0,155.0,0.5969387755102041,0.4,160.34183673469389,154.0204081632653,166.4,172.2
1304068,2022-04-12,Chennai Super Kings,Chennai Super Kings,1,216.0,193.0,0.5939086294416244,0.3,160.30964467005077,154.0253807106599,162.6,168.8
1304075,2022-04-17,Chennai Super Kings,Gujarat Titans,0,169.0,170.0,0.5959595959595959,0.3,160.5909090909091,154.22222222222223,167.4,174.4
1304079,2022-04-21,Chennai Super Kings,Chennai Super Kings,1,156.0,155.0,0.592964824120603,0.3,160.63316582914572,154.30150753768845,175.0,181.8
1304084,2022-04-25,Chennai Super Kings,Punjab Kings,0,176.0,187.0,0.595,0.4,160.61,154.305,164.2,170.6
1304092,2022-05-01,Chennai Super Kings,Chennai Super Kings,1,202.0,189.0,0.5920398009950248,0.4,160.6865671641791,154.46766169154228,174.2,172.0
1304095,2022-05-04,Chennai Super Kings,Royal Challengers Bangalore,0,160.0,173.0,0.594059405940594,0.4,160.8910891089109,154.63861386138615,183.8,178.8
1304101,2022-05-08,Chennai Super Kings,Chennai Super Kings,1,208.0,117.0,0.5911330049261084,0.3,160.88669950738915,154.72906403940885,172.6,174.8
1304105,2022-05-12,Chennai Super Kings,Mumbai Indians,0,97.0,103.0,0.5931372549019608,0.4,161.11764705882354,154.5441176470588,180.4,164.2
1304108,2022-05-15,Chennai Super Kings,Gujarat Titans,0,133.0,137.0,0.5902439024390244,0.4,160.8048780487805,154.29268292682926,168.6,153.8
1304114,2022-05-20,Chennai Super Kings,Rajasthan Royals,0,150.0,151.0,0.587378640776699,0.4,160.66990291262135,154.20873786407768,160.0,143.8
1359475,2023-03-31,Chennai Super Kings,Gujarat Titans,0,178.0,182.0,0.5845410628019324,0.4,160.6183574879227,154.19323671497585,149.6,136.2
1359480,2023-04-03,Chennai Super Kings,Chennai Super Kings,1,217.0,205.0,0.5817307692307693,0.3,160.70192307692307,154.32692307692307,153.2,138.0
1359486,2023-04-08,Chennai Super Kings,Chennai Super Kings,1,159.0,157.0,0.583732057416268,0.4,160.9712918660287,154.5693779904306,155.0,155.6
1359491,2023-04-12,Chennai Super Kings,Rajasthan Royals,0,172.0,175.0,0.5857142857142857,0.4,160.96190476190475,154.58095238095237,167.4,166.4
1359498,2023-04-17,Chennai Super Kings,Chennai Super Kings,1,226.0,218.0,0.5829383886255924,0.4,161.01421800947867,154.6777251184834,175.2,174.0
1359503,2023-04-21,Chennai Super Kings,Chennai Super Kings,1,138.0,134.0,0.5849056603773585,0.4,161.32075471698113,154.97641509433961,190.4,187.4
1359507,2023-04-23,Chennai Super Kings,Chennai Super Kings,1,235.0,186.0,0.5868544600938967,0.5,161.2112676056338,154.87793427230048,182.4,177.8
1359511,2023-04-27,Chennai Super Kings,Rajasthan Royals,0,170.0,202.0,0.5887850467289719,0.5,161.55607476635515,155.02336448598132,186.0,174.0
1359515,2023-04-30,Chennai Super Kings,Punjab Kings,0,200.0,201.0,0.586046511627907,0.5,161.59534883720931,155.24186046511628,188.2,183.0
1359523,2023-05-06,Chennai Super Kings,Chennai Super Kings,1,140.0,139.0,0.5833333333333334,0.5,161.77314814814815,155.4537037037037,193.8,188.2
1359529,2023-05-10,Chennai Super Kings,Chennai Super Kings,1,167.0,140.0,0.5852534562211982,0.6,161.67281105990784,155.3778801843318,176.6,172.4
1359535,2023-05-14,Chennai Super Kings,Kolkata Knight Riders,0,144.0,147.0,0.5871559633027523,0.7,161.69724770642202,155.30733944954127,182.4,173.6
1359541,2023-05-20,Chennai Super Kings,Chennai Super Kings,1,223.0,146.0,0.5844748858447488,0.6,161.6164383561644,155.26940639269407,164.2,165.8
1370350,2023-05-23,Chennai Super Kings,Chennai Super Kings,1,172.0,157.0,0.5863636363636363,0.6,161.89545454545456,155.22727272727272,174.8,154.6
1370353,2023-05-29,Chennai Super Kings,Chennai Super Kings,1,171.0,214.0,0.5882352941176471,0.7,161.94117647058823,155.23529411764707,169.2,145.8
1422119,2024-03-22,Chennai Super Kings,Chennai Super Kings,1,,,0.5900900900900901,0.7,161.981981981982,155.5,175.4,160.8
1422125,2024-03-26,Chennai Super Kings,Chennai Super Kings,1,,,0.5919282511210763,0.7,161.981981981982,155.5,177.5,166.0
1422131,2024-03-31,Chennai Super Kings,Delhi Capitals,0,,,0.59375,0.7,161.981981981982,155.5,188.66666666666666,172.33333333333334
1422136,2024-04-05,Chennai Super Kings,Sunrisers Hyderabad,0,,,0.5911111111111111,0.7,161.981981981982,155.5,171.5,185.5
1426260,2024-04-08,Chennai Super Kings,Chennai Super Kings,1,,,0.588495575221239,0.7,161.981981981982,155.5,160.0,160.0
1426267,2024-04-14,Chennai Super Kings,Chennai Super Kings,1,,,0.5903083700440529,0.7,161.981981981982,155.5,160.0,160.0
1426272,2024-04-19,Chennai Super Kings,Lucknow Super Giants,0,,,0.5921052631578947,0.7,161.981981981982,155.5,160.0,160.0
1426277,2024-04-23,Chennai Super Kings,Lucknow Super Giants,0,,,0.5895196506550219,0.7,161.981981981982,155.5,160.0,160.0
1426284,2024-04-28,Chennai Super Kings,Chennai Super Kings,1,,,0.5869565217391305,0.6,161.981981981982,155.5,160.0,160.0
1426287,2024-05-01,Chennai Super Kings,Punjab Kings,0,,,0.5887445887445888,0.6,161.981981981982,155.5,160.0,160.0
1426291,2024-05-05,Chennai Super Kings,Chennai Super Kings,1,,,0.5862068965517241,0.5,161.981981981982,155.5,160.0,160.0
1426297,2024-05-10,Chennai Super Kings,Gujarat Titans,0,,,0.5879828326180258,0.5,161.981981981982,155.5,160.0,160.0
1426299,2024-05-12,Chennai Super Kings,Chennai Super Kings,1,,,0.5854700854700855,0.4,161.981981981982,155.5,160.0,160.0
1426306,2024-05-18,Chennai Super Kings,Royal Challengers Bengaluru,0,,,0.5872340425531914,0.5,161.981981981982,155.5,160.0,160.0
1473440,2025-03-23,Chennai Super Kings,Chennai Super Kings,1,,,0.5847457627118644,0.5,161.981981981982,155.5,160.0,160.0
1473445,2025-03-28,Chennai Super Kings,Royal Challengers Bengaluru,0,,,0.5864978902953587,0.5,161.981981981982,155.5,160.0,160.0
1473448,2025-03-30,Chennai Super Kings,Rajasthan Royals,0,,,0.5840336134453782,0.4,161.981981981982,155.5,160.0,160.0
1473454,2025-04-05,Chennai Super Kings,Delhi Capitals,0,,,0.5815899581589958,0.4,161.981981981982,155.5,160.0,160.0
1473459,2025-04-08,Chennai Super Kings,Punjab Kings,0,,,0.5791666666666667,0.4,161.981981981982,155.5,160.0,160.0
1473462,2025-04-11,Chennai Super Kings,Kolkata Knight Riders,0,,,0.5767634854771784,0.3,161.981981981982,155.5,160.0,160.0
1473467,2025-04-14,Chennai Super Kings,Chennai Super Kings,1,,,0.5743801652892562,0.3,161.981981981982,155.5,160.0,160.0
1473475,2025-04-20,Chennai Super Kings,Mumbai Indians,0,,,0.5761316872427984,0.3,161.981981981982,155.5,160.0,160.0
1473480,2025-04-25,Chennai Super Kings,Sunrisers Hyderabad,0,,,0.5737704918032787,0.3,161.981981981982,155.5,160.0,160.0
1473486,2025-04-30,Chennai Super Kings,Punjab Kings,0,,,0.5714285714285714,0.2,161.981981981982,155.5,160.0,160.0
1473489,2025-05-03,Chennai Super Kings,Royal Challengers Bengaluru,0,,,0.5691056910569106,0.2,161.981981981982,155.5,160.0,160.0
1473494,2025-05-07,Chennai Super Kings,Chennai Super Kings,1,,,0.5668016194331984,0.1,161.981981981982,155.5,160.0,160.0
1473500,2025-05-20,Chennai Super Kings,Rajasthan Royals,0,,,0.5685483870967742,0.2,161.981981981982,155.5,160.0,160.0
1473504,2025-05-25,Chennai Super Kings,Chennai Super Kings,1,,,0.5662650602409639,0.2,161.981981981982,155.5,160.0,160.0
335986,2008-04-20,Deccan Chargers,Kolkata Knight Riders,0,110.0,112.0,0.5,0.5,160.0,160.0,160.0,160.0
335988,2008-04-22,Deccan Chargers,Delhi Daredevils,0,142.0,143.0,0.0,0.5,110.0,112.0,160.0,160.0
335990,2008-04-24,Deccan Chargers,Rajasthan Royals,0,214.0,217.0,0.0,0.5,126.0,127.5,126.0,127.5
335994,2008-04-27,Deccan Chargers,Deccan Chargers,1,155.0,154.0,0.0,0.0,155.33333333333334,157.33333333333334,155.33333333333334,157.33333333333334
335999,2008-05-01,Deccan Chargers,Kings XI Punjab,0,164.0,167.0,0.25,0.25,155.25,156.5,155.25,156.5
336034,2008-05-03,Deccan Chargers,Royal Challengers Bangalore,0,153.0,156.0,0.2,0.2,157.0,158.6,157.0,158.6
336007,2008-05-06,Deccan Chargers,Deccan Chargers,1,148.0,144.0,0.16666666666666666,0.16666666666666666,156.33333333333334,158.16666666666666,165.6,167.4
336011,2008-05-09,Deccan Chargers,Rajasthan Royals,0,140.0,141.0,0.2857142857142857,0.2857142857142857,155.14285714285714,156.14285714285714,166.8,167.6
336014,2008-05-11,Deccan Chargers,Kolkata Knight Riders,0,181.0,204.0,0.25,0.25,153.25,154.25,152.0,152.4
336020,2008-05-15,Deccan Chargers,Delhi Daredevils,0,182.0,194.0,0.2222222222222222,0.2222222222222222,156.33333333333334,159.77777777777777,157.2,162.4
336024,2008-05-18,Deccan Chargers,Mumbai Indians,0,153.0,178.0,0.2,0.2,158.9,163.2,160.8,167.8
336031,2008-05-23,Deccan Chargers,Kings XI Punjab,0,175.0,178.0,0.18181818181818182,0.2,158.36363636363637,164.54545454545453,160.8,172.2
336002,2008-05-25,Deccan Chargers,Royal Challengers Bangalore,0,165.0,171.0,0.16666666666666666,0.2,159.75,165.66666666666666,166.2,179.0
336037,2008-05-27,Deccan Chargers,Chennai Super Kings,0,147.0,148.0,0.15384615384615385,0.2,160.15384615384616,166.07692307692307,171.2,185.0
392184,2009-04-19,Deccan Chargers,Deccan Chargers,1,104.0,101.0,0.14285714285714285,0.1,159.21428571428572,164.78571428571428,164.4,173.8
392188,2009-04-22,Deccan Chargers,Deccan Chargers,1,184.0,160.0,0.2,0.2,155.53333333333333,160.53333333333333,148.8,155.2
392192,2009-04-25,Deccan Chargers,Deccan Chargers,1,168.0,156.0,0.25,0.3,157.3125,160.5,155.0,151.6
392196,2009-04-27,Deccan Chargers,Deccan Chargers,1,169.0,165.0,0.29411764705882354,0.3,157.94117647058823,160.23529411764707,153.6,147.2
392201,2009-04-30,Deccan Chargers,Delhi Daredevils,0,148.0,150.0,0.3333333333333333,0.4,158.55555555555554,160.5,154.4,146.0
392205,2009-05-02,Deccan Chargers,Rajasthan Royals,0,141.0,142.0,0.3157894736842105,0.4,158.0,159.94736842105263,154.6,146.4
392209,2009-05-04,Deccan Chargers,Chennai Super Kings,0,100.0,178.0,0.3,0.4,157.15,159.05,162.0,154.6
392212,2009-05-06,Deccan Chargers,Deccan Chargers,1,145.0,126.0,0.2857142857142857,0.4,154.42857142857142,159.95238095238096,145.2,158.2
392216,2009-05-09,Deccan Chargers,Kings XI Punjab,0,168.0,169.0,0.3181818181818182,0.5,154.0,158.4090909090909,140.6,152.2
392220,2009-05-11,Deccan Chargers,Deccan Chargers,1,166.0,113.0,0.30434782608695654,0.5,154.6086956521739,158.8695652173913,140.4,153.0
392223,2009-05-13,Deccan Chargers,Delhi Daredevils,0,161.0,173.0,0.3333333333333333,0.6,155.08333333333334,156.95833333333334,144.0,145.6
392228,2009-05-16,Deccan Chargers,Deccan Chargers,1,166.0,160.0,0.32,0.5,155.32,157.6,148.0,151.8
392229,2009-05-17,Deccan Chargers,Kings XI Punjab,0,133.0,134.0,0.34615384615384615,0.5,155.73076923076923,157.69230769230768,161.2,148.2
392236,2009-05-21,Deccan Chargers,Royal Challengers Bangalore,0,158.0,170.0,0.3333333333333333,0.4,154.88888888888889,156.8148148148148,158.8,149.8
392237,2009-05-22,Deccan Chargers,Deccan Chargers,1,154.0,153.0,0.32142857142857145,0.3,155.0,157.28571428571428,156.8,150.0
392239,2009-05-24,Deccan Chargers,Deccan Chargers,1,143.0,137.0,0.3448275862068966,0.4,154.9655172413793,157.13793103448276,154.4,158.0
419106,2010-03-12,Deccan Chargers,Kolkata Knight Riders,0,150.0,161.0,0.36666666666666664,0.5,154.56666666666666,156.46666666666667,150.8,150.8
419110,2010-03-14,Deccan Chargers,Deccan Chargers,1,190.0,159.0,0.3548387096774194,0.5,154.41935483870967,156.61290322580646,147.6,151.0
419117,2010-03-19,Deccan Chargers,Deccan Chargers,1,170.0,164.0,0.375,0.5,155.53125,156.6875,159.0,156.0
419120,2010-03-21,Deccan Chargers,Deccan Chargers,1,171.0,161.0,0.3939393939393939,0.6,155.96969696969697,156.9090909090909,161.4,154.8
419126,2010-03-26,Deccan Chargers,Rajasthan Royals,0,148.0,151.0,0.4117647058823529,0.6,156.41176470588235,157.02941176470588,164.8,156.4
419130,2010-03-28,Deccan Chargers,Mumbai Indians,0,131.0,172.0,0.4,0.6,156.17142857142858,156.85714285714286,165.8,159.2
419135,2010-04-01,Deccan Chargers,Kolkata Knight Riders,0,157.0,181.0,0.3888888888888889,0.5,155.47222222222223,157.27777777777777,162.0,161.4
419138,2010-04-03,Deccan Chargers,Mumbai Indians,0,115.0,178.0,0.3783783783783784,0.5,155.51351351351352,157.9189189189189,155.4,165.8
419141,2010-04-05,Deccan Chargers,Rajasthan Royals,0,157.0,159.0,0.3684210526315789,0.5,154.44736842105263,158.44736842105263,144.4,168.6
419145,2010-04-08,Deccan Chargers,Deccan Chargers,1,186.0,184.0,0.358974358974359,0.4,154.51282051282053,158.46153846153845,141.6,168.2
419147,2010-04-10,Deccan Chargers,Deccan Chargers,1,139.0,138.0,0.375,0.4,155.3,159.1,149.2,174.8
419151,2010-04-12,Deccan Chargers,Deccan Chargers,1,151.0,138.0,0.3902439024390244,0.5,154.90243902439025,158.58536585365854,150.8,168.0
419156,2010-04-16,Deccan Chargers,Deccan Chargers,1,178.0,174.0,0.40476190476190477,0.5,154.8095238095238,158.0952380952381,149.6,159.4
419160,2010-04-18,Deccan Chargers,Deccan Chargers,1,145.0,134.0,0.4186046511627907,0.5,155.34883720930233,158.46511627906978,162.2,158.6
419163,2010-04-22,Deccan Chargers,Chennai Super Kings,0,104.0,142.0,0.4318181818181818,0.5,155.11363636363637,157.9090909090909,159.8,153.6
419164,2010-04-24,Deccan Chargers,Royal Challengers Bangalore,0,82.0,86.0,0.4222222222222222,0.5,153.9777777777778,157.55555555555554,143.4,145.2
501199,2011-04-09,Deccan Chargers,Rajasthan Royals,0,137.0,141.0,0.41304347826086957,0.5,152.41304347826087,156.0,132.0,134.8
501203,2011-04-11,Deccan Chargers,Kolkata Knight Riders,0,154.0,163.0,0.40425531914893614,0.5,152.08510638297872,155.68085106382978,129.2,135.4
501208,2011-04-14,Deccan Chargers,Deccan Chargers,1,175.0,142.0,0.3958333333333333,0.5,152.125,155.83333333333334,124.4,133.2
501212,2011-04-16,Deccan Chargers,Kings XI Punjab,0,165.0,166.0,0.40816326530612246,0.6,152.59183673469389,155.55102040816325,130.4,134.8
501216,2011-04-19,Deccan Chargers,Deccan Chargers,1,168.0,152.0,0.4,0.5,152.84,155.76,142.6,139.6
501224,2011-04-24,Deccan Chargers,Mumbai Indians,0,135.0,172.0,0.4117647058823529,0.5,153.13725490196077,155.68627450980392,159.8,152.8
501229,2011-04-27,Deccan Chargers,Deccan Chargers,1,129.0,74.0,0.40384615384615385,0.4,152.78846153846155,156.0,159.4,159.0
501236,2011-05-01,Deccan Chargers,Chennai Super Kings,0,146.0,165.0,0.41509433962264153,0.4,152.33962264150944,154.45283018867926,154.4,141.2
501239,2011-05-03,Deccan Chargers,Kolkata Knight Riders,0,149.0,169.0,0.4074074074074074,0.3,152.22222222222223,154.64814814814815,148.6,145.8
501243,2011-05-05,Deccan Chargers,Delhi Daredevils,0,175.0,179.0,0.4,0.3,152.16363636363636,154.9090909090909,145.4,146.4
501250,2011-05-10,Deccan Chargers,Pune Warriors,0,136.0,137.0,0.39285714285714285,0.3,152.57142857142858,155.33928571428572,146.8,151.8
501256,2011-05-14,Deccan Chargers,Deccan Chargers,1,135.0,125.0,0.38596491228070173,0.3,152.28070175438597,155.01754385964912,147.0,144.8
501259,2011-05-16,Deccan Chargers,Deccan Chargers,1,138.0,136.0,0.39655172413793105,0.4,151.98275862068965,154.5,148.2,155.0
501264,2011-05-21,Deccan Chargers,Deccan Chargers,1,198.0,116.0,0.4067796610169492,0.4,151.74576271186442,154.1864406779661,146.6,149.2
548311,2012-04-07,Deccan Chargers,Chennai Super Kings,0,119.0,193.0,0.4166666666666667,0.5,152.51666666666668,153.55,156.4,138.6
548314,2012-04-09,Deccan Chargers,Mumbai Indians,0,138.0,142.0,0.4098360655737705,0.4,151.9672131147541,154.19672131147541,145.2,141.4
548326,2012-04-17,Deccan Chargers,Rajasthan Royals,0,196.0,197.0,0.4032258064516129,0.4,151.74193548387098,154.0,145.6,142.4
548321,2012-04-19,Deccan Chargers,Delhi Daredevils,0,157.0,162.0,0.3968253968253968,0.3,152.44444444444446,154.68253968253967,157.8,156.8
548335,2012-04-22,Deccan Chargers,Kolkata Knight Riders,0,126.0,127.0,0.390625,0.3,152.515625,154.796875,161.6,162.0
548341,2012-04-26,Deccan Chargers,Deccan Chargers,1,177.0,159.0,0.38461538461538464,0.3,152.1076923076923,154.36923076923077,147.2,164.2
548346,2012-04-29,Deccan Chargers,Mumbai Indians,0,100.0,101.0,0.3939393939393939,0.4,152.4848484848485,154.43939393939394,158.8,157.4
548348,2012-05-01,Deccan Chargers,Deccan Chargers,1,186.0,173.0,0.3880597014925373,0.4,151.70149253731344,153.6417910447761,151.2,149.2
548352,2012-05-04,Deccan Chargers,Chennai Super Kings,0,150.0,160.0,0.39705882352941174,0.4,152.2058823529412,153.9264705882353,149.2,144.4
548356,2012-05-06,Deccan Chargers,Royal Challengers Bangalore,0,181.0,185.0,0.391304347826087,0.3,152.17391304347825,154.0144927536232,147.8,144.0
548359,2012-05-08,Deccan Chargers,Kings XI Punjab,0,145.0,170.0,0.38571428571428573,0.2,152.5857142857143,154.45714285714286,158.8,155.6
548329,2012-05-10,Deccan Chargers,Delhi Daredevils,0,187.0,193.0,0.38028169014084506,0.2,152.4788732394366,154.67605633802816,152.4,157.8
548366,2012-05-13,Deccan Chargers,Kings XI Punjab,0,190.0,194.0,0.375,0.2,152.95833333333334,155.20833333333334,169.8,176.2
548373,2012-05-18,Deccan Chargers,Deccan Chargers,1,128.0,126.0,0.3698630136986301,0.2,153.46575342465752,155.73972602739727,170.6,180.4
548376,2012-05-20,Deccan Chargers,Deccan Chargers,1,132.0,123.0,0.3783783783783784,0.3,153.1216216216216,155.33783783783784,166.2,173.6
1175358,2019-03-24,Delhi Capitals,Delhi Capitals,1,213.0,176.0,0.5,0.5,160.0,160.0,160.0,160.0
1175360,2019-03-26,Delhi Capitals,Chennai Super Kings,0,147.0,150.0,1.0,0.5,213.0,176.0,160.0,160.0
1175368,2019-04-01,Delhi Capitals,Kings XI Punjab,0,152.0,166.0,0.5,0.5,180.0,163.0,180.0,163.0
1175371,2019-04-04,Delhi Capitals,Sunrisers Hyderabad,0,129.0,131.0,0.3333333333333333,0.3333333333333333,170.66666666666666,164.0,170.66666666666666,164.0
1178395,2019-04-07,Delhi Capitals,Delhi Capitals,1,152.0,149.0,0.25,0.25,160.25,155.75,160.25,155.75
1178401,2019-04-12,Delhi Capitals,Delhi Capitals,1,180.0,178.0,0.4,0.4,158.6,154.4,158.6,154.4
1178405,2019-04-14,Delhi Capitals,Delhi Capitals,1,155.0,116.0,0.5,0.5,162.16666666666666,158.33333333333334,152.0,154.8
1178409,2019-04-18,Delhi Capitals,Mumbai Indians,0,128.0,168.0,0.5714285714285714,0.5714285714285714,161.14285714285714,152.28571428571428,153.6,148.0
1178412,2019-04-20,Delhi Capitals,Delhi Capitals,1,166.0,163.0,0.5,0.5,157.0,154.25,148.8,148.4
1178415,2019-04-22,Delhi Capitals,Delhi Capitals,1,193.0,191.0,0.5555555555555556,0.5555555555555556,158.0,155.22222222222223,156.2,154.8
1178421,2019-04-28,Delhi Capitals,Delhi Capitals,1,187.0,171.0,0.6,0.6,161.5,158.8,164.4,163.2
1178425,2019-05-01,Delhi Capitals,Chennai Super Kings,0,99.0,179.0,0.6363636363636364,0.6,163.8181818181818,159.9090909090909,165.8,161.8
1178428,2019-05-04,Delhi Capitals,Delhi Capitals,1,121.0,115.0,0.5833333333333334,0.6,158.41666666666666,161.5,154.6,174.4
1181766,2019-05-08,Delhi Capitals,Delhi Capitals,1,165.0,162.0,0.6153846153846154,0.7,155.53846153846155,157.92307692307693,153.2,163.8
1181767,2019-05-10,Delhi Capitals,Chennai Super Kings,0,147.0,151.0,0.6428571428571429,0.8,156.21428571428572,158.21428571428572,153.0,163.6
1216539,2020-09-25,Delhi Capitals,Delhi Capitals,1,175.0,131.0,0.6,0.7,155.6,157.73333333333332,143.8,155.6
1216532,2020-09-29,Delhi Capitals,Sunrisers Hyderabad,0,147.0,162.0,0.625,0.7,156.8125,156.0625,141.4,147.6
1216515,2020-10-03,Delhi Capitals,Delhi Capitals,1,228.0,210.0,0.5882352941176471,0.6,156.23529411764707,156.41176470588235,151.0,144.2
1216519,2020-10-05,Delhi Capitals,Delhi Capitals,1,196.0,137.0,0.6111111111111112,0.7,160.22222222222223,159.38888888888889,172.4,163.2
1216500,2020-10-09,Delhi Capitals,Delhi Capitals,1,184.0,138.0,0.631578947368421,0.7,162.10526315789474,158.21052631578948,178.6,158.2
1216529,2020-10-11,Delhi Capitals,Mumbai Indians,0,162.0,166.0,0.65,0.7,163.2,157.2,186.0,155.6
1216543,2020-10-14,Delhi Capitals,Delhi Capitals,1,161.0,148.0,0.6190476190476191,0.6,163.14285714285714,157.61904761904762,183.4,162.6
1216509,2020-10-17,Delhi Capitals,Delhi Capitals,1,185.0,179.0,0.6363636363636364,0.7,163.04545454545453,157.1818181818182,186.2,159.8
1216546,2020-10-20,Delhi Capitals,Kings XI Punjab,0,164.0,167.0,0.6521739130434783,0.7,164.0,158.1304347826087,177.6,153.6
1216497,2020-10-24,Delhi Capitals,Kolkata Knight Riders,0,135.0,194.0,0.625,0.6,164.0,158.5,171.2,159.6
1216524,2020-10-27,Delhi Capitals,Sunrisers Hyderabad,0,131.0,219.0,0.6,0.6,162.84,159.92,161.4,170.8
1216535,2020-10-31,Delhi Capitals,Mumbai Indians,0,110.0,111.0,0.5769230769230769,0.5,161.6153846153846,162.19230769230768,155.2,181.4
1216505,2020-11-02,Delhi Capitals,Delhi Capitals,1,154.0,152.0,0.5555555555555556,0.5,159.7037037037037,160.2962962962963,145.0,174.0
1237177,2020-11-05,Delhi Capitals,Mumbai Indians,0,143.0,200.0,0.5714285714285714,0.5,159.5,160.0,138.8,168.6
1237180,2020-11-08,Delhi Capitals,Delhi Capitals,1,189.0,172.0,0.5517241379310345,0.4,158.93103448275863,161.3793103448276,134.6,175.2
1237181,2020-11-10,Delhi Capitals,Mumbai Indians,0,156.0,157.0,0.5666666666666667,0.4,159.93333333333334,161.73333333333332,145.4,170.8
1254059,2021-04-10,Delhi Capitals,Delhi Capitals,1,190.0,188.0,0.5483870967741935,0.4,159.80645161290323,161.58064516129033,150.4,158.4
1254064,2021-04-15,Delhi Capitals,Rajasthan Royals,0,147.0,150.0,0.5625,0.4,160.75,162.40625,166.4,173.8
1254068,2021-04-18,Delhi Capitals,Delhi Capitals,1,198.0,195.0,0.5454545454545454,0.3,160.33333333333334,162.03030303030303,165.0,173.4
1254070,2021-04-20,Delhi Capitals,Delhi Capitals,1,138.0,137.0,0.5588235294117647,0.4,161.44117647058823,163.0,176.0,172.4
1254079,2021-04-27,Delhi Capitals,Royal Challengers Bangalore,0,170.0,171.0,0.5714285714285714,0.5,160.77142857142857,162.25714285714287,165.8,165.4
1254082,2021-04-29,Delhi Capitals,Delhi Capitals,1,156.0,154.0,0.5555555555555556,0.5,161.02777777777777,162.5,168.6,168.2
1254086,2021-05-02,Delhi Capitals,Delhi Capitals,1,167.0,166.0,0.5675675675675675,0.6,160.8918918918919,162.27027027027026,161.8,161.4
1254105,2021-09-22,Delhi Capitals,Delhi Capitals,1,139.0,134.0,0.5789473684210527,0.6,161.05263157894737,162.3684210526316,165.8,164.6
1254097,2021-09-25,Delhi Capitals,Delhi Capitals,1,154.0,121.0,0.5897435897435898,0.7,160.48717948717947,161.64102564102564,154.0,152.4
1254092,2021-09-28,Delhi Capitals,Kolkata Knight Riders,0,127.0,130.0,0.6,0.7,160.325,160.625,157.2,149.2
1254112,2021-10-02,Delhi Capitals,Delhi Capitals,1,132.0,129.0,0.5853658536585366,0.7,159.5121951219512,159.8780487804878,148.6,141.0
1254110,2021-10-04,Delhi Capitals,Delhi Capitals,1,139.0,136.0,0.5952380952380952,0.7,158.85714285714286,159.14285714285714,143.8,136.0
1254101,2021-10-08,Delhi Capitals,Royal Challengers Bangalore,0,164.0,166.0,0.6046511627906976,0.8,158.3953488372093,158.6046511627907,138.2,130.0
1254114,2021-10-10,Delhi Capitals,Chennai Super Kings,0,172.0,173.0,0.5909090909090909,0.7,158.52272727272728,158.77272727272728,143.2,136.4
1254116,2021-10-13,Delhi Capitals,Kolkata Knight Riders,0,135.0,136.0,0.5777777777777777,0.6,158.82222222222222,159.0888888888889,146.8,146.8
1304048,2022-03-27,Delhi Capitals,Delhi Capitals,1,179.0,177.0,0.5652173913043478,0.6,158.30434782608697,158.58695652173913,148.4,148.0
1304056,2022-04-02,Delhi Capitals,Gujarat Titans,0,157.0,171.0,0.574468085106383,0.6,158.74468085106383,158.9787234042553,157.8,157.6
1304061,2022-04-07,Delhi Capitals,Lucknow Super Giants,0,149.0,155.0,0.5625,0.5,158.70833333333334,159.22916666666666,161.4,164.6
1304065,2022-04-10,Delhi Capitals,Delhi Capitals,1,215.0,171.0,0.5510204081632653,0.4,158.51020408163265,159.14285714285714,158.4,162.4
1304073,2022-04-16,Delhi Capitals,Royal Challengers Bangalore,0,173.0,189.0,0.56,0.4,159.64,159.38,167.0,162.0
1304078,2022-04-20,Delhi Capitals,Delhi Capitals,1,119.0,115.0,0.5490196078431373,0.4,159.90196078431373,159.9607843137255,174.6,172.6
1304080,2022-04-22,Delhi Capitals,Rajasthan Royals,0,207.0,222.0,0.5576923076923077,0.4,159.1153846153846,159.09615384615384,162.6,160.2
1304087,2022-04-28,Delhi Capitals,Delhi Capitals,1,150.0,146.0,0.5471698113207547,0.3,160.0188679245283,160.28301886792454,172.6,170.4
1304091,2022-05-01,Delhi Capitals,Lucknow Super Giants,0,189.0,195.0,0.5555555555555556,0.4,159.83333333333334,160.0185185185185,172.8,168.6
1304096,2022-05-05,Delhi Capitals,Delhi Capitals,1,207.0,186.0,0.5454545454545454,0.4,160.36363636363637,160.65454545454546,167.6,173.4
1304101,2022-05-08,Delhi Capitals,Chennai Super Kings,0,117.0,208.0,0.5535714285714286,0.5,161.19642857142858,161.10714285714286,174.4,172.8
1304104,2022-05-11,Delhi Capitals,Delhi Capitals,1,161.0,160.0,0.543859649122807,0.4,160.42105263157896,161.9298245614035,174.0,191.4
1304110,2022-05-16,Delhi Capitals,Delhi Capitals,1,159.0,142.0,0.5517241379310345,0.5,160.43103448275863,161.89655172413794,164.8,179.0
1304115,2022-05-21,Delhi Capitals,Mumbai Indians,0,159.0,160.0,0.559322033898305,0.6,160.40677966101694,161.5593220338983,166.6,178.2
1359477,2023-04-01,Delhi Capitals,Lucknow Super Giants,0,143.0,193.0,0.55,0.5,160.38333333333333,161.53333333333333,160.6,171.2
1359481,2023-04-04,Delhi Capitals,Gujarat Titans,0,162.0,163.0,0.5409836065573771,0.5,160.0983606557377,162.04918032786884,147.8,172.6
1359485,2023-04-08,Delhi Capitals,Rajasthan Royals,0,142.0,199.0,0.532258064516129,0.4,160.1290322580645,162.06451612903226,156.8,163.6
1359490,2023-04-11,Delhi Capitals,Mumbai Indians,0,172.0,173.0,0.5238095238095238,0.4,159.84126984126985,162.65079365079364,153.0,171.4
1359494,2023-04-15,Delhi Capitals,Royal Challengers Bangalore,0,151.0,174.0,0.515625,0.3,160.03125,162.8125,155.6,177.6
1359502,2023-04-20,Delhi Capitals,Delhi Capitals,1,128.0,127.0,0.5076923076923077,0.3,159.8923076923077,162.98461538461538,154.0,180.4
1359508,2023-04-24,Delhi Capitals,Delhi Capitals,1,144.0,137.0,0.5151515151515151,0.3,159.4090909090909,162.43939393939394,151.0,167.2
1359514,2023-04-29,Delhi Capitals,Sunrisers Hyderabad,0,188.0,197.0,0.5223880597014925,0.4,159.17910447761193,162.0597014925373,147.4,162.0
1359518,2023-05-02,Delhi Capitals,Delhi Capitals,1,130.0,125.0,0.5147058823529411,0.3,159.60294117647058,162.5735294117647,156.6,161.6
1359524,2023-05-06,Delhi Capitals,Delhi Capitals,1,187.0,181.0,0.5217391304347826,0.3,159.17391304347825,162.02898550724638,148.2,152.0
1359529,2023-05-10,Delhi Capitals,Chennai Super Kings,0,140.0,167.0,0.5285714285714286,0.4,159.57142857142858,162.3,155.4,153.4
1359533,2023-05-13,Delhi Capitals,Punjab Kings,0,136.0,167.0,0.5211267605633803,0.4,159.29577464788733,162.3661971830986,157.8,161.4
1359538,2023-05-17,Delhi Capitals,Delhi Capitals,1,213.0,198.0,0.5138888888888888,0.4,158.97222222222223,162.43055555555554,156.2,167.4
1359541,2023-05-20,Delhi Capitals,Chennai Super Kings,0,146.0,223.0,0.5205479452054794,0.5,159.7123287671233,162.91780821917808,161.2,167.6
1422120,2024-03-23,Delhi Capitals,Punjab Kings,0,,,0.5135135135135135,0.5,159.52702702702703,163.72972972972974,164.4,187.2
1422127,2024-03-28,Delhi Capitals,Rajasthan Royals,0,,,0.5066666666666667,0.5,159.52702702702703,163.72972972972974,158.75,188.75
1422131,2024-03-31,Delhi Capitals,Delhi Capitals,1,,,0.5,0.4,159.52702702702703,163.72972972972974,165.0,196.0
1422134,2024-04-03,Delhi Capitals,Kolkata Knight Riders,0,,,0.5064935064935064,0.4,159.52702702702703,163.72972972972974,179.5,210.5
1422138,2024-04-07,Delhi Capitals,Mumbai Indians,0,,,0.5,0.4,159.52702702702703,163.72972972972974,160.0,160.0
1426264,2024-04-12,Delhi Capitals,Delhi Capitals,1,,,0.4936708860759494,0.3,159.52702702702703,163.72972972972974,160.0,160.0
1426270,2024-04-17,Delhi Capitals,Delhi Capitals,1,,,0.5,0.3,159.52702702702703,163.72972972972974,160.0,160.0
1426273,2024-04-20,Delhi Capitals,Sunrisers Hyderabad,0,,,0.5061728395061729,0.4,159.52702702702703,163.72972972972974,160.0,160.0
1426278,2024-04-24,Delhi Capitals,Delhi Capitals,1,,,0.5,0.4,159.52702702702703,163.72972972972974,160.0,160.0
1426281,2024-04-27,Delhi Capitals,Delhi Capitals,1,,,0.5060240963855421,0.4,159.52702702702703,163.72972972972974,160.0,160.0
1426285,2024-04-29,Delhi Capitals,Kolkata Knight Riders,0,,,0.5119047619047619,0.5,159.52702702702703,163.72972972972974,160.0,160.0
1426294,2024-05-07,Delhi Capitals,Delhi Capitals,1,,,0.5058823529411764,0.5,159.52702702702703,163.72972972972974,160.0,160.0
1426300,2024-05-12,Delhi Capitals,Royal Challengers Bengaluru,0,,,0.5116279069767442,0.6,159.52702702702703,163.72972972972974,160.0,160.0
1426302,2024-05-14,Delhi Capitals,Delhi Capitals,1,,,0.5057471264367817,0.5,159.52702702702703,163.72972972972974,160.0,160.0
1473441,2025-03-24,Delhi Capitals,Delhi Capitals,1,,,0.5113636363636364,0.6,159.52702702702703,163.72972972972974,160.0,160.0
1473447,2025-03-30,Delhi Capitals,Delhi Capitals,1,,,0.5168539325842697,0.7,159.52702702702703,163.72972972972974,160.0,160.0
1473454,2025-04-05,Delhi Capitals,Delhi Capitals,1,,,0.5222222222222223,0.7,159.52702702702703,163.72972972972974,160.0,160.0
1473461,2025-04-10,Delhi Capitals,Delhi Capitals,1,,,0.5274725274725275,0.7,159.52702702702703,163.72972972972974,160.0,160.0
1473466,2025-04-13,Delhi Capitals,Mumbai Indians,0,,,0.532608695652174,0.8,159.52702702702703,163.72972972972974,160.0,160.0
1473472,2025-04-19,Delhi Capitals,Gujarat Titans,0,,,0.5268817204301075,0.7,159.52702702702703,163.72972972972974,160.0,160.0
1473477,2025-04-22,Delhi Capitals,Delhi Capitals,1,,,0.5212765957446809,0.6,159.52702702702703,163.72972972972974,160.0,160.0
1473483,2025-04-27,Delhi Capitals,Royal Challengers Bengaluru,0,,,0.5263157894736842,0.7,159.52702702702703,163.72972972972974,160.0,160.0
1473485,2025-04-29,Delhi Capitals,Kolkata Knight Riders,0,,,0.5208333333333334,0.6,159.52702702702703,163.72972972972974,160.0,160.0
1473498,2025-05-18,Delhi Capitals,Gujarat Titans,0,,,0.5154639175257731,0.6,159.52702702702703,163.72972972972974,160.0,160.0
1473501,2025-05-21,Delhi Capitals,Mumbai Indians,0,,,0.5102040816326531,0.5,159.52702702702703,163.72972972972974,160.0,160.0
1485779,2025-05-24,Delhi Capitals,Delhi Capitals,1,,,0.5050505050505051,0.4,159.52702702702703,163.72972972972974,160.0,160.0
335984,2008-04-19,Delhi Daredevils,Delhi Daredevils,1,132.0,129.0,0.5,0.5,160.0,160.0,160.0,160.0
335988,2008-04-22,Delhi Daredevils,Delhi Daredevils,1,143.0,142.0,1.0,0.5,132.0,129.0,160.0,160.0
335995,2008-04-27,Delhi Daredevils,Kings XI Punjab,0,158.0,162.0,1.0,0.5,137.5,135.5,137.5,135.5
335998,2008-04-30,Delhi Daredevils,Delhi Daredevils,1,191.0,181.0,0.6666666666666666,0.6666666666666666,144.33333333333334,144.33333333333334,144.33333333333334,144.33333333333334
336001,2008-05-02,Delhi Daredevils,Delhi Daredevils,1,172.0,169.0,0.75,0.75,156.0,153.5,156.0,153.5
336004,2008-05-04,Delhi Daredevils,Mumbai Indians,0,133.0,162.0,0.8,0.8,159.2,156.6,159.2,156.6
336009,2008-05-08,Delhi Daredevils,Chennai Super Kings,0,187.0,188.0,0.6666666666666666,0.6666666666666666,154.83333333333334,157.5,159.4,163.2
336015,2008-05-11,Delhi Daredevils,Rajasthan Royals,0,156.0,159.0,0.5714285714285714,0.5714285714285714,159.42857142857142,161.85714285714286,168.2,172.4
336017,2008-05-13,Delhi Daredevils,Kolkata Knight Riders,0,110.0,133.0,0.5,0.5,159.0,161.5,167.8,171.8
336020,2008-05-15,Delhi Daredevils,Delhi Daredevils,1,194.0,182.0,0.4444444444444444,0.4444444444444444,153.55555555555554,158.33333333333334,151.6,162.2
336022,2008-05-17,Delhi Daredevils,Kings XI Punjab,0,118.0,94.0,0.5,0.5,157.6,160.7,156.0,164.8
336026,2008-05-19,Delhi Daredevils,Delhi Daredevils,1,158.0,154.0,0.45454545454545453,0.4,154.0,154.63636363636363,153.0,151.2
336032,2008-05-24,Delhi Daredevils,Delhi Daredevils,1,179.0,176.0,0.5,0.4,154.33333333333334,154.58333333333334,147.2,144.4
336038,2008-05-30,Delhi Daredevils,Rajasthan Royals,0,87.0,192.0,0.5384615384615384,0.5,156.23076923076923,156.23076923076923,151.8,147.8
392183,2009-04-19,Delhi Daredevils,Delhi Daredevils,1,58.0,104.0,0.5,0.4,151.28571428571428,158.78571428571428,147.2,159.6
392189,2009-04-23,Delhi Daredevils,Delhi Daredevils,1,189.0,180.0,0.5333333333333333,0.4,145.06666666666666,155.13333333333333,120.0,144.0
392194,2009-04-26,Delhi Daredevils,Delhi Daredevils,1,150.0,149.0,0.5625,0.5,147.8125,156.6875,134.2,161.2
392198,2009-04-28,Delhi Daredevils,Rajasthan Royals,0,143.0,147.0,0.5882352941176471,0.6,147.94117647058823,156.23529411764707,132.6,160.2
392201,2009-04-30,Delhi Daredevils,Delhi Daredevils,1,150.0,148.0,0.5555555555555556,0.6,147.66666666666666,155.72222222222223,125.4,154.4
392206,2009-05-02,Delhi Daredevils,Chennai Super Kings,0,145.0,163.0,0.5789473684210527,0.7,147.78947368421052,155.31578947368422,138.0,145.6
392211,2009-05-05,Delhi Daredevils,Delhi Daredevils,1,157.0,154.0,0.55,0.6,147.65,155.7,155.4,157.4
392215,2009-05-08,Delhi Daredevils,Delhi Daredevils,1,118.0,116.0,0.5714285714285714,0.7,148.0952380952381,155.61904761904762,149.0,152.2
392219,2009-05-10,Delhi Daredevils,Delhi Daredevils,1,125.0,123.0,0.5909090909090909,0.7,146.72727272727272,153.8181818181818,142.6,145.6
392223,2009-05-13,Delhi Daredevils,Delhi Daredevils,1,173.0,161.0,0.6086956521739131,0.7,145.7826086956522,152.47826086956522,139.0,140.8
392226,2009-05-15,Delhi Daredevils,Kings XI Punjab,0,120.0,123.0,0.625,0.8,146.91666666666666,152.83333333333334,143.6,143.4
392230,2009-05-17,Delhi Daredevils,Delhi Daredevils,1,150.0,136.0,0.6,0.7,145.84,151.64,138.6,135.4
392232,2009-05-19,Delhi Daredevils,Royal Challengers Bangalore,0,134.0,135.0,0.6153846153846154,0.7,146.0,151.03846153846155,137.2,131.8
392235,2009-05-21,Delhi Daredevils,Delhi Daredevils,1,166.0,165.0,0.5925925925925926,0.6,145.55555555555554,150.44444444444446,140.4,135.6
392237,2009-05-22,Delhi Daredevils,Deccan Chargers,0,153.0,154.0,0.6071428571428571,0.7,146.28571428571428,150.96428571428572,148.6,144.0
419108,2010-03-13,Delhi Daredevils,Delhi Daredevils,1,146.0,142.0,0.5862068965517241,0.6,146.51724137931035,151.06896551724137,144.6,142.6
419111,2010-03-15,Delhi Daredevils,Delhi Daredevils,1,142.0,141.0,0.6,0.7,146.5,150.76666666666668,149.8,146.4
419114,2010-03-17,Delhi Daredevils,Mumbai Indians,0,120.0,218.0,0.6129032258064516,0.7,146.3548387096774,150.4516129032258,148.2,147.4
419116,2010-03-19,Delhi Daredevils,Chennai Super Kings,0,185.0,190.0,0.59375,0.6,145.53125,152.5625,145.4,164.0
419120,2010-03-21,Delhi Daredevils,Deccan Chargers,0,161.0,171.0,0.5757575757575758,0.5,146.72727272727272,153.6969696969697,149.2,169.0
419128,2010-03-25,Delhi Daredevils,Delhi Daredevils,1,183.0,166.0,0.5588235294117647,0.4,147.14705882352942,154.2058823529412,150.8,172.4
419131,2010-03-29,Delhi Daredevils,Delhi Daredevils,1,177.0,137.0,0.5714285714285714,0.5,148.17142857142858,154.54285714285714,158.2,177.2
419134,2010-03-31,Delhi Daredevils,Delhi Daredevils,1,188.0,121.0,0.5833333333333334,0.5,148.97222222222223,154.05555555555554,165.2,176.4
419140,2010-04-04,Delhi Daredevils,Delhi Daredevils,1,184.0,147.0,0.5945945945945946,0.6,150.02702702702703,153.16216216216216,178.8,157.0
419144,2010-04-07,Delhi Daredevils,Kolkata Knight Riders,0,167.0,181.0,0.6052631578947368,0.6,150.92105263157896,153.0,178.6,148.4
419149,2010-04-11,Delhi Daredevils,Kings XI Punjab,0,111.0,112.0,0.5897435897435898,0.6,151.33333333333334,153.71794871794873,179.8,150.4
419152,2010-04-13,Delhi Daredevils,Mumbai Indians,0,144.0,183.0,0.575,0.5,150.325,152.675,165.4,139.6
419155,2010-04-15,Delhi Daredevils,Delhi Daredevils,1,113.0,112.0,0.5609756097560976,0.4,150.17073170731706,153.41463414634146,158.8,148.8
419160,2010-04-18,Delhi Daredevils,Deccan Chargers,0,134.0,145.0,0.5714285714285714,0.5,149.28571428571428,152.42857142857142,143.8,147.0
501201,2011-04-10,Delhi Daredevils,Mumbai Indians,0,95.0,99.0,0.5581395348837209,0.5,148.93023255813952,152.25581395348837,133.8,146.6
501204,2011-04-12,Delhi Daredevils,Rajasthan Royals,0,151.0,152.0,0.5454545454545454,0.5,147.70454545454547,151.04545454545453,119.4,130.2
501213,2011-04-17,Delhi Daredevils,Delhi Daredevils,1,190.0,187.0,0.5333333333333333,0.4,147.77777777777777,151.06666666666666,127.4,138.2
501216,2011-04-19,Delhi Daredevils,Deccan Chargers,0,152.0,168.0,0.5434782608695652,0.4,148.69565217391303,151.84782608695653,136.6,139.0
501223,2011-04-23,Delhi Daredevils,Delhi Daredevils,1,231.0,202.0,0.5319148936170213,0.3,148.7659574468085,152.19148936170214,144.4,150.2
501227,2011-04-26,Delhi Daredevils,Royal Challengers Bangalore,0,160.0,161.0,0.5416666666666666,0.3,150.47916666666666,153.22916666666666,163.8,161.6
501230,2011-04-28,Delhi Daredevils,Kolkata Knight Riders,0,131.0,148.0,0.5306122448979592,0.3,150.6734693877551,153.3877551020408,176.8,174.0
501233,2011-04-30,Delhi Daredevils,Delhi Daredevils,1,157.0,119.0,0.52,0.3,150.28,153.28,172.8,173.2
501238,2011-05-02,Delhi Daredevils,Kochi Tuskers Kerala,0,140.0,141.0,0.5294117647058824,0.4,150.41176470588235,152.6078431372549,166.2,159.6
501243,2011-05-05,Delhi Daredevils,Delhi Daredevils,1,179.0,175.0,0.5192307692307693,0.3,150.21153846153845,152.3846153846154,163.8,154.2
501246,2011-05-07,Delhi Daredevils,Mumbai Indians,0,146.0,178.0,0.5283018867924528,0.4,150.75471698113208,152.81132075471697,153.4,148.8
501253,2011-05-12,Delhi Daredevils,Chennai Super Kings,0,158.0,176.0,0.5185185185185185,0.4,150.66666666666666,153.27777777777777,150.6,152.2
501257,2011-05-15,Delhi Daredevils,Kings XI Punjab,0,141.0,170.0,0.509090909090909,0.4,150.8,153.6909090909091,156.0,157.8
548307,2012-04-05,Delhi Daredevils,Delhi Daredevils,1,100.0,97.0,0.5,0.3,150.625,153.98214285714286,152.8,168.0
548310,2012-04-07,Delhi Daredevils,Royal Challengers Bangalore,0,137.0,157.0,0.5087719298245614,0.4,149.73684210526315,152.98245614035088,144.8,159.2
548316,2012-04-10,Delhi Daredevils,Delhi Daredevils,1,111.0,110.0,0.5,0.3,149.51724137931035,153.05172413793105,136.4,155.6
548325,2012-04-16,Delhi Daredevils,Delhi Daredevils,1,93.0,92.0,0.5084745762711864,0.4,148.864406779661,152.32203389830508,129.4,142.0
548321,2012-04-19,Delhi Daredevils,Delhi Daredevils,1,162.0,157.0,0.5166666666666667,0.5,147.93333333333334,151.31666666666666,116.4,125.2
548333,2012-04-21,Delhi Daredevils,Pune Warriors,0,172.0,192.0,0.5245901639344263,0.5,148.1639344262295,151.40983606557376,120.6,122.6
548337,2012-04-24,Delhi Daredevils,Delhi Daredevils,1,148.0,146.0,0.5161290322580645,0.5,148.5483870967742,152.06451612903226,135.0,141.6
548342,2012-04-27,Delhi Daredevils,Delhi Daredevils,1,207.0,170.0,0.5238095238095238,0.5,148.53968253968253,151.96825396825398,137.2,139.4
548345,2012-04-29,Delhi Daredevils,Delhi Daredevils,1,152.0,151.0,0.53125,0.6,149.453125,152.25,156.4,151.4
548349,2012-05-01,Delhi Daredevils,Delhi Daredevils,1,144.0,141.0,0.5384615384615384,0.7,149.4923076923077,152.23076923076923,168.2,163.2
548357,2012-05-07,Delhi Daredevils,Kolkata Knight Riders,0,153.0,154.0,0.5454545454545454,0.8,149.4090909090909,152.06060606060606,164.6,160.0
548329,2012-05-10,Delhi Daredevils,Delhi Daredevils,1,193.0,187.0,0.5373134328358209,0.7,149.46268656716418,152.08955223880596,160.8,152.4
548364,2012-05-12,Delhi Daredevils,Chennai Super Kings,0,114.0,115.0,0.5441176470588235,0.8,150.10294117647058,152.60294117647058,169.8,160.6
548369,2012-05-15,Delhi Daredevils,Delhi Daredevils,1,140.0,136.0,0.5362318840579711,0.7,149.57971014492753,152.05797101449275,151.2,149.6
548372,2012-05-17,Delhi Daredevils,Royal Challengers Bangalore,0,194.0,215.0,0.5428571428571428,0.7,149.44285714285715,151.82857142857142,148.8,146.6
548374,2012-05-19,Delhi Daredevils,Delhi Daredevils,1,145.0,141.0,0.5352112676056338,0.6,150.07042253521126,152.71830985915494,158.8,161.4
548378,2012-05-22,Delhi Daredevils,Kolkata Knight Riders,0,144.0,162.0,0.5416666666666666,0.7,150.0,152.55555555555554,157.2,158.8
548380,2012-05-25,Delhi Daredevils,Chennai Super Kings,0,136.0,222.0,0.5342465753424658,0.6,149.91780821917808,152.68493150684932,147.4,153.8
597998,2013-04-03,Delhi Daredevils,Kolkata Knight Riders,0,128.0,129.0,0.527027027027027,0.5,149.72972972972974,153.6216216216216,151.8,175.2
598001,2013-04-06,Delhi Daredevils,Rajasthan Royals,0,160.0,165.0,0.52,0.4,149.44,153.29333333333332,149.4,173.8
598006,2013-04-09,Delhi Daredevils,Mumbai Indians,0,165.0,209.0,0.5131578947368421,0.3,149.57894736842104,153.44736842105263,142.6,163.8
598010,2013-04-12,Delhi Daredevils,Sunrisers Hyderabad,0,114.0,115.0,0.5064935064935064,0.3,149.7792207792208,154.16883116883116,146.6,177.4
598020,2013-04-18,Delhi Daredevils,Chennai Super Kings,0,83.0,169.0,0.5,0.2,149.32051282051282,153.66666666666666,140.6,168.0
598024,2013-04-21,Delhi Daredevils,Delhi Daredevils,1,165.0,161.0,0.4936708860759494,0.2,148.48101265822785,153.86075949367088,130.0,157.4
598059,2013-04-23,Delhi Daredevils,Kings XI Punjab,0,120.0,121.0,0.5,0.2,148.6875,153.95,137.4,163.8
598035,2013-04-28,Delhi Daredevils,Delhi Daredevils,1,164.0,149.0,0.49382716049382713,0.2,148.33333333333334,153.54320987654322,129.4,155.0
598040,2013-05-01,Delhi Daredevils,Delhi Daredevils,1,137.0,136.0,0.5,0.2,148.52439024390245,153.4878048780488,129.2,143.0
598044,2013-05-04,Delhi Daredevils,Sunrisers Hyderabad,0,80.0,81.0,0.5060240963855421,0.3,148.3855421686747,153.27710843373495,133.8,147.2
598049,2013-05-07,Delhi Daredevils,Rajasthan Royals,0,154.0,155.0,0.5,0.3,147.57142857142858,152.41666666666666,133.2,129.6
598054,2013-05-10,Delhi Daredevils,Royal Challengers Bangalore,0,179.0,183.0,0.49411764705882355,0.3,147.64705882352942,152.4470588235294,131.0,128.4
598062,2013-05-14,Delhi Daredevils,Chennai Super Kings,0,135.0,168.0,0.4883720930232558,0.3,148.01162790697674,152.80232558139534,142.8,140.8
598028,2013-05-16,Delhi Daredevils,Kings XI Punjab,0,164.0,171.0,0.4827586206896552,0.3,147.86206896551724,152.97701149425288,137.0,144.6
598067,2013-05-19,Delhi Daredevils,Pune Warriors,0,134.0,172.0,0.4772727272727273,0.3,148.04545454545453,153.1818181818182,142.4,151.6
729281,2014-04-17,Delhi Daredevils,Royal Challengers Bangalore,0,145.0,146.0,0.47191011235955055,0.3,147.8876404494382,153.3932584269663,153.2,169.8
729289,2014-04-19,Delhi Daredevils,Delhi Daredevils,1,167.0,166.0,0.4666666666666667,0.2,147.85555555555555,153.3111111111111,151.4,168.0
729293,2014-04-21,Delhi Daredevils,Chennai Super Kings,0,84.0,177.0,0.4725274725274725,0.3,148.06593406593407,153.45054945054946,149.0,164.6
729301,2014-04-25,Delhi Daredevils,Sunrisers Hyderabad,0,180.0,184.0,0.4673913043478261,0.2,147.3695652173913,153.70652173913044,138.8,166.4
729309,2014-04-27,Delhi Daredevils,Delhi Daredevils,1,126.0,125.0,0.46236559139784944,0.1,147.72043010752688,154.03225806451613,142.0,169.0
733975,2014-05-03,Delhi Daredevils,Rajasthan Royals,0,152.0,156.0,0.46808510638297873,0.2,147.48936170212767,153.72340425531914,140.4,159.6
733981,2014-05-05,Delhi Daredevils,Chennai Super Kings,0,178.0,181.0,0.4631578947368421,0.2,147.53684210526316,153.74736842105264,141.8,161.6
733985,2014-05-07,Delhi Daredevils,Kolkata Knight Riders,0,160.0,161.0,0.4583333333333333,0.2,147.85416666666666,154.03125,144.0,164.6
733993,2014-05-10,Delhi Daredevils,Sunrisers Hyderabad,0,143.0,44.0,0.4536082474226804,0.2,147.97938144329896,154.10309278350516,159.2,161.4
734005,2014-05-13,Delhi Daredevils,Royal Challengers Bangalore,0,170.0,186.0,0.4489795918367347,0.2,147.92857142857142,152.9795918367347,151.8,133.4
734011,2014-05-15,Delhi Daredevils,Rajasthan Royals,0,139.0,201.0,0.4444444444444444,0.2,148.15151515151516,153.31313131313132,160.6,145.6
734019,2014-05-19,Delhi Daredevils,Kings XI Punjab,0,164.0,165.0,0.44,0.2,148.06,153.79,158.0,154.6
734031,2014-05-23,Delhi Daredevils,Mumbai Indians,0,158.0,173.0,0.43564356435643564,0.1,148.21782178217822,153.9009900990099,155.2,151.4
734039,2014-05-25,Delhi Daredevils,Kings XI Punjab,0,115.0,119.0,0.43137254901960786,0.1,148.31372549019608,154.08823529411765,154.8,153.8
829707,2015-04-09,Delhi Daredevils,Chennai Super Kings,0,149.0,150.0,0.42718446601941745,0.1,147.9902912621359,153.74757281553397,149.2,168.8
829715,2015-04-12,Delhi Daredevils,Rajasthan Royals,0,184.0,186.0,0.4230769230769231,0.0,148.0,153.71153846153845,145.0,161.6
829725,2015-04-15,Delhi Daredevils,Delhi Daredevils,1,169.0,165.0,0.41904761904761906,0.0,148.34285714285716,154.01904761904763,154.0,158.6
829731,2015-04-18,Delhi Daredevils,Delhi Daredevils,1,167.0,163.0,0.42452830188679247,0.1,148.53773584905662,154.12264150943398,155.0,158.6
829739,2015-04-20,Delhi Daredevils,Kolkata Knight Riders,0,146.0,147.0,0.42990654205607476,0.2,148.71028037383178,154.20560747663552,156.8,156.6
829747,2015-04-23,Delhi Daredevils,Delhi Daredevils,1,190.0,153.0,0.42592592592592593,0.2,148.6851851851852,154.13888888888889,163.0,162.2
829757,2015-04-26,Delhi Daredevils,Royal Challengers Bangalore,0,95.0,99.0,0.43119266055045874,0.3,149.06422018348624,154.12844036697248,171.2,162.8
829767,2015-05-01,Delhi Daredevils,Delhi Daredevils,1,119.0,118.0,0.42727272727272725,0.3,148.57272727272726,153.62727272727273,153.4,145.4
829777,2015-05-03,Delhi Daredevils,Rajasthan Royals,0,175.0,189.0,0.43243243243243246,0.4,148.3063063063063,153.3063063063063,143.4,136.0
829783,2015-05-05,Delhi Daredevils,Mumbai Indians,0,152.0,153.0,0.42857142857142855,0.4,148.54464285714286,153.625,145.0,141.2
829761,2015-05-07,Delhi Daredevils,Kolkata Knight Riders,0,158.0,171.0,0.4247787610619469,0.4,148.57522123893804,153.61946902654867,146.2,142.4
829793,2015-05-09,Delhi Daredevils,Sunrisers Hyderabad,0,157.0,163.0,0.42105263157894735,0.4,148.6578947368421,153.7719298245614,139.8,146.0
829801,2015-05-12,Delhi Daredevils,Delhi Daredevils,1,120.0,119.0,0.41739130434782606,0.4,148.73043478260868,153.8521739130435,152.2,158.8
980903,2016-04-10,Delhi Daredevils,Kolkata Knight Riders,0,98.0,99.0,0.4224137931034483,0.4,148.48275862068965,153.55172413793105,152.4,159.0
980913,2016-04-15,Delhi Daredevils,Delhi Daredevils,1,113.0,111.0,0.4188034188034188,0.3,148.05128205128204,153.0854700854701,137.0,141.0
980921,2016-04-17,Delhi Daredevils,Delhi Daredevils,1,192.0,191.0,0.423728813559322,0.4,147.75423728813558,152.72881355932202,129.2,132.6
980933,2016-04-23,Delhi Daredevils,Delhi Daredevils,1,164.0,154.0,0.42857142857142855,0.4,148.12605042016807,153.05042016806723,136.0,136.6
980945,2016-04-27,Delhi Daredevils,Gujarat Lions,0,171.0,172.0,0.43333333333333335,0.5,148.25833333333333,153.05833333333334,137.4,134.8
980951,2016-04-30,Delhi Daredevils,Delhi Daredevils,1,186.0,159.0,0.4297520661157025,0.4,148.44628099173553,153.21487603305786,147.6,145.4
980961,2016-05-03,Delhi Daredevils,Delhi Daredevils,1,150.0,149.0,0.4344262295081967,0.5,148.75409836065575,153.2622950819672,165.2,157.4
980965,2016-05-05,Delhi Daredevils,Rising Pune Supergiants,0,162.0,166.0,0.43902439024390244,0.6,148.7642276422764,153.22764227642276,172.6,165.0
980971,2016-05-07,Delhi Daredevils,Kings XI Punjab,0,172.0,181.0,0.43548387096774194,0.6,148.8709677419355,153.33064516129033,166.6,160.0
980983,2016-05-12,Delhi Daredevils,Delhi Daredevils,1,150.0,146.0,0.432,0.6,149.056,153.552,168.2,165.4
980993,2016-05-15,Delhi Daredevils,Mumbai Indians,0,126.0,206.0,0.4365079365079365,0.6,149.06349206349208,153.4920634920635,164.0,160.2
980997,2016-05-17,Delhi Daredevils,Rising Pune Supergiants,0,121.0,76.0,0.4330708661417323,0.6,148.88188976377953,153.90551181102362,152.0,169.6
981003,2016-05-20,Delhi Daredevils,Delhi Daredevils,1,161.0,158.0,0.4296875,0.5,148.6640625,153.296875,146.2,155.0
981011,2016-05-22,Delhi Daredevils,Royal Challengers Bangalore,0,138.0,139.0,0.43410852713178294,0.5,148.75968992248062,153.33333333333334,146.0,153.4
1082595,2017-04-08,Delhi Daredevils,Royal Challengers Bangalore,0,142.0,157.0,0.4307692307692308,0.4,148.6769230769231,153.22307692307692,139.2,145.0
1082599,2017-04-11,Delhi Daredevils,Delhi Daredevils,1,205.0,108.0,0.42748091603053434,0.4,148.6259541984733,153.25190839694656,137.6,147.2
1082605,2017-04-15,Delhi Daredevils,Delhi Daredevils,1,188.0,137.0,0.4318181818181818,0.4,149.0530303030303,152.9090909090909,153.4,127.6
1082608,2017-04-17,Delhi Daredevils,Kolkata Knight Riders,0,168.0,169.0,0.43609022556390975,0.4,149.34586466165413,152.78947368421052,166.8,139.8
1082611,2017-04-19,Delhi Daredevils,Sunrisers Hyderabad,0,176.0,191.0,0.43283582089552236,0.4,149.48507462686567,152.91044776119404,168.2,142.0
1082614,2017-04-22,Delhi Daredevils,Mumbai Indians,0,128.0,142.0,0.42962962962962964,0.4,149.68148148148148,153.1925925925926,175.8,152.4
1082622,2017-04-28,Delhi Daredevils,Kolkata Knight Riders,0,160.0,161.0,0.4264705882352941,0.3,149.52205882352942,153.11029411764707,173.0,149.4
1082626,2017-04-30,Delhi Daredevils,Kings XI Punjab,0,67.0,68.0,0.4233576642335766,0.3,149.5985401459854,153.16788321167883,164.0,160.0
1082630,2017-05-02,Delhi Daredevils,Delhi Daredevils,1,189.0,185.0,0.42028985507246375,0.3,149.0,152.55072463768116,139.8,146.2
1082632,2017-05-04,Delhi Daredevils,Delhi Daredevils,1,214.0,208.0,0.4244604316546763,0.3,149.28776978417267,152.7841726618705,144.0,149.4
1082635,2017-05-06,Delhi Daredevils,Mumbai Indians,0,66.0,212.0,0.42857142857142855,0.4,149.75,153.17857142857142,151.6,152.8
1082640,2017-05-10,Delhi Daredevils,Delhi Daredevils,1,197.0,195.0,0.425531914893617,0.4,149.15602836879432,153.59574468085106,139.2,166.8
1082642,2017-05-12,Delhi Daredevils,Delhi Daredevils,1,168.0,161.0,0.4295774647887324,0.4,149.49295774647888,153.88732394366198,146.6,173.6
1082646,2017-05-14,Delhi Daredevils,Royal Challengers Bangalore,0,151.0,161.0,0.43356643356643354,0.4,149.62237762237763,153.93706293706293,166.8,192.2
1136562,2018-04-08,Delhi Daredevils,Kings XI Punjab,0,166.0,167.0,0.4305555555555556,0.4,149.63194444444446,153.98611111111111,159.2,187.4
1136566,2018-04-11,Delhi Daredevils,Rajasthan Royals,0,60.0,153.0,0.42758620689655175,0.4,149.7448275862069,154.0758620689655,149.6,179.2
1136569,2018-04-14,Delhi Daredevils,Delhi Daredevils,1,195.0,194.0,0.4246575342465753,0.4,149.13013698630138,154.06849315068493,148.4,167.4
1136573,2018-04-16,Delhi Daredevils,Kolkata Knight Riders,0,129.0,200.0,0.42857142857142855,0.5,149.4421768707483,154.34013605442178,148.0,167.2
1136579,2018-04-21,Delhi Daredevils,Royal Challengers Bangalore,0,174.0,176.0,0.42567567567567566,0.5,149.30405405405406,154.64864864864865,140.2,175.0
1136582,2018-04-23,Delhi Daredevils,Kings XI Punjab,0,139.0,143.0,0.4228187919463087,0.4,149.46979865771812,154.79194630872485,144.8,178.0
1136586,2018-04-27,Delhi Daredevils,Delhi Daredevils,1,219.0,164.0,0.42,0.3,149.4,154.71333333333334,139.4,173.2
1136590,2018-04-30,Delhi Daredevils,Chennai Super Kings,0,198.0,211.0,0.423841059602649,0.4,149.86092715231788,154.7748344370861,171.2,175.4
1136592,2018-05-02,Delhi Daredevils,Delhi Daredevils,1,196.0,146.0,0.42105263157894735,0.3,150.17763157894737,155.14473684210526,171.8,178.8
1136596,2018-05-05,Delhi Daredevils,Sunrisers Hyderabad,0,163.0,164.0,0.42483660130718953,0.3,150.47712418300654,155.08496732026143,185.2,168.0
1136602,2018-05-10,Delhi Daredevils,Sunrisers Hyderabad,0,187.0,191.0,0.42207792207792205,0.3,150.55844155844156,155.14285714285714,183.0,165.6
1136605,2018-05-12,Delhi Daredevils,Royal Challengers Bangalore,0,181.0,187.0,0.41935483870967744,0.3,150.79354838709676,155.3741935483871,192.6,175.2
1136612,2018-05-18,Delhi Daredevils,Delhi Daredevils,1,162.0,128.0,0.4166666666666667,0.3,150.98717948717947,155.57692307692307,185.0,179.8
1136615,2018-05-20,Delhi Daredevils,Delhi Daredevils,1,174.0,163.0,0.42038216560509556,0.3,151.05732484076432,155.40127388535032,177.8,163.2
980905,2016-04-11,Gujarat Lions,Gujarat Lions,1,162.0,161.0,0.5,0.5,160.0,160.0,160.0,160.0
980911,2016-04-14,Gujarat Lions,Gujarat Lions,1,164.0,163.0,1.0,0.5,162.0,161.0,160.0,160.0
980917,2016-04-16,Gujarat Lions,Gujarat Lions,1,147.0,143.0,1.0,0.5,163.0,162.0,163.0,162.0
980929,2016-04-21,Gujarat Lions,Sunrisers Hyderabad,0,135.0,137.0,1.0,1.0,157.66666666666666,155.66666666666666,157.66666666666666,155.66666666666666
980937,2016-04-24,Gujarat Lions,Gujarat Lions,1,182.0,180.0,0.75,0.75,152.0,151.0,152.0,151.0
980945,2016-04-27,Gujarat Lions,Gujarat Lions,1,172.0,171.0,0.8,0.8,158.0,156.8,158.0,156.8
980949,2016-04-29,Gujarat Lions,Gujarat Lions,1,196.0,195.0,0.8333333333333334,0.8333333333333334,160.33333333333334,159.16666666666666,160.0,158.8
980955,2016-05-01,Gujarat Lions,Kings XI Punjab,0,131.0,154.0,0.8571428571428571,0.8571428571428571,165.42857142857142,164.28571428571428,166.4,165.2
980961,2016-05-03,Gujarat Lions,Delhi Daredevils,0,149.0,150.0,0.75,0.75,161.125,163.0,163.2,167.4
980967,2016-05-06,Gujarat Lions,Sunrisers Hyderabad,0,126.0,129.0,0.6666666666666666,0.6666666666666666,159.77777777777777,161.55555555555554,166.0,170.0
980975,2016-05-08,Gujarat Lions,Gujarat Lions,1,164.0,158.0,0.6,0.6,156.4,158.3,154.8,159.8
980987,2016-05-14,Gujarat Lions,Royal Challengers Bangalore,0,104.0,248.0,0.6363636363636364,0.6,157.0909090909091,158.27272727272728,153.2,157.2
981001,2016-05-19,Gujarat Lions,Gujarat Lions,1,125.0,124.0,0.5833333333333334,0.5,152.66666666666666,165.75,134.8,167.8
981007,2016-05-21,Gujarat Lions,Gujarat Lions,1,173.0,172.0,0.6153846153846154,0.5,150.53846153846155,162.53846153846155,133.6,161.8
981013,2016-05-24,Gujarat Lions,Royal Challengers Bangalore,0,158.0,159.0,0.6428571428571429,0.6,152.14285714285714,163.21428571428572,138.4,166.2
981017,2016-05-27,Gujarat Lions,Sunrisers Hyderabad,0,162.0,163.0,0.6,0.5,152.53333333333333,162.93333333333334,144.8,172.2
1082593,2017-04-07,Gujarat Lions,Kolkata Knight Riders,0,183.0,184.0,0.5625,0.4,153.125,162.9375,144.4,173.2
1082596,2017-04-09,Gujarat Lions,Sunrisers Hyderabad,0,135.0,140.0,0.5294117647058824,0.3,154.88235294117646,164.1764705882353,160.2,160.4
1082603,2017-04-14,Gujarat Lions,Gujarat Lions,1,172.0,171.0,0.5,0.3,153.77777777777777,162.83333333333334,162.2,163.6
1082606,2017-04-16,Gujarat Lions,Mumbai Indians,0,176.0,177.0,0.5263157894736842,0.4,154.73684210526315,163.26315789473685,162.0,163.4
1082610,2017-04-18,Gujarat Lions,Royal Challengers Bangalore,0,192.0,213.0,0.5,0.4,155.8,163.95,165.6,167.0
1082613,2017-04-21,Gujarat Lions,Gujarat Lions,1,188.0,187.0,0.47619047619047616,0.3,157.52380952380952,166.28571428571428,171.6,177.0
1082616,2017-04-23,Gujarat Lions,Kings XI Punjab,0,162.0,188.0,0.5,0.4,158.9090909090909,167.22727272727272,172.6,177.6
1082621,2017-04-27,Gujarat Lions,Gujarat Lions,1,135.0,134.0,0.4782608695652174,0.3,159.04347826086956,168.1304347826087,178.0,187.2
1082629,2017-05-01,Gujarat Lions,Rising Pune Supergiant,0,161.0,167.0,0.5,0.3,158.04166666666666,166.70833333333334,170.6,179.8
1082632,2017-05-04,Gujarat Lions,Delhi Daredevils,0,208.0,214.0,0.48,0.3,158.16,166.72,167.6,177.8
1082637,2017-05-07,Gujarat Lions,Gujarat Lions,1,192.0,189.0,0.46153846153846156,0.3,160.07692307692307,168.53846153846155,170.8,178.0
1082640,2017-05-10,Gujarat Lions,Delhi Daredevils,0,195.0,197.0,0.48148148148148145,0.4,161.25925925925927,169.2962962962963,171.6,178.4
1082643,2017-05-13,Gujarat Lions,Sunrisers Hyderabad,0,154.0,158.0,0.4642857142857143,0.4,162.46428571428572,170.28571428571428,178.2,180.2
1304050,2022-03-28,Gujarat Titans,Gujarat Titans,1,161.0,158.0,0.5,0.5,160.0,160.0,160.0,160.0
1304056,2022-04-02,Gujarat Titans,Gujarat Titans,1,171.0,157.0,1.0,0.5,161.0,158.0,160.0,160.0
1304062,2022-04-08,Gujarat Titans,Gujarat Titans,1,190.0,189.0,1.0,0.5,166.0,157.5,166.0,157.5
1304067,2022-04-11,Gujarat Titans,Sunrisers Hyderabad,0,162.0,168.0,1.0,1.0,174.0,168.0,174.0,168.0
1304070,2022-04-14,Gujarat Titans,Gujarat Titans,1,192.0,155.0,0.75,0.75,171.0,168.0,171.0,168.0
1304075,2022-04-17,Gujarat Titans,Gujarat Titans,1,170.0,169.0,0.8,0.8,175.2,165.4,175.2,165.4
1304081,2022-04-23,Gujarat Titans,Gujarat Titans,1,156.0,148.0,0.8333333333333334,0.8333333333333334,174.33333333333334,166.0,177.0,167.6
1304086,2022-04-27,Gujarat Titans,Gujarat Titans,1,199.0,195.0,0.8571428571428571,0.8571428571428571,171.71428571428572,163.42857142857142,174.0,165.8
1304089,2022-04-30,Gujarat Titans,Gujarat Titans,1,174.0,170.0,0.875,0.875,175.125,167.375,175.8,167.0
1304094,2022-05-03,Gujarat Titans,Punjab Kings,0,143.0,145.0,0.8888888888888888,0.8888888888888888,175.0,167.66666666666666,178.2,167.4
1304097,2022-05-06,Gujarat Titans,Mumbai Indians,0,172.0,177.0,0.8,0.8,171.8,165.4,168.4,165.4
1304103,2022-05-10,Gujarat Titans,Gujarat Titans,1,144.0,82.0,0.7272727272727273,0.7,171.8181818181818,166.45454545454547,168.8,167.0
1304108,2022-05-15,Gujarat Titans,Gujarat Titans,1,137.0,133.0,0.75,0.7,169.5,159.41666666666666,166.4,153.8
1304113,2022-05-19,Gujarat Titans,Royal Challengers Bangalore,0,168.0,170.0,0.7692307692307693,0.7,167.0,157.3846153846154,154.0,141.4
1312197,2022-05-24,Gujarat Titans,Gujarat Titans,1,191.0,188.0,0.7142857142857143,0.7,167.07142857142858,158.28571428571428,152.8,141.4
1312200,2022-05-29,Gujarat Titans,Gujarat Titans,1,133.0,130.0,0.7333333333333333,0.7,168.66666666666666,160.26666666666668,162.4,150.0
1359475,2023-03-31,Gujarat Titans,Gujarat Titans,1,182.0,178.0,0.75,0.7,166.4375,158.375,154.6,140.6
1359481,2023-04-04,Gujarat Titans,Gujarat Titans,1,163.0,162.0,0.7647058823529411,0.7,167.35294117647058,159.52941176470588,162.2,159.8
1359487,2023-04-09,Gujarat Titans,Kolkata Knight Riders,0,204.0,207.0,0.7777777777777778,0.7,167.11111111111111,159.66666666666666,167.4,165.6
1359492,2023-04-13,Gujarat Titans,Gujarat Titans,1,154.0,153.0,0.7368421052631579,0.6,169.05263157894737,162.1578947368421,174.6,173.0
1359497,2023-04-16,Gujarat Titans,Rajasthan Royals,0,177.0,179.0,0.75,0.7,168.3,161.7,167.2,166.0
1359504,2023-04-22,Gujarat Titans,Gujarat Titans,1,135.0,128.0,0.7142857142857143,0.7,168.71428571428572,162.52380952380952,176.0,175.8
1359509,2023-04-25,Gujarat Titans,Gujarat Titans,1,207.0,152.0,0.7272727272727273,0.7,167.1818181818182,160.95454545454547,166.6,165.8
1359513,2023-04-29,Gujarat Titans,Gujarat Titans,1,180.0,179.0,0.7391304347826086,0.7,168.91304347826087,160.56521739130434,175.4,163.8
1359518,2023-05-02,Gujarat Titans,Delhi Capitals,0,125.0,130.0,0.75,0.8,169.375,161.33333333333334,170.6,158.2
1359522,2023-05-05,Gujarat Titans,Gujarat Titans,1,119.0,118.0,0.72,0.7,167.6,160.08,164.8,153.6
1359525,2023-05-07,Gujarat Titans,Gujarat Titans,1,227.0,171.0,0.7307692307692307,0.7,165.73076923076923,158.46153846153845,153.2,141.4
1359531,2023-05-12,Gujarat Titans,Mumbai Indians,0,191.0,218.0,0.7407407407407407,0.7,168.0,158.92592592592592,171.6,150.0
1359536,2023-05-15,Gujarat Titans,Gujarat Titans,1,188.0,154.0,0.7142857142857143,0.6,168.82142857142858,161.03571428571428,168.4,163.2
1359544,2023-05-21,Gujarat Titans,Gujarat Titans,1,198.0,197.0,0.7241379310344828,0.7,169.48275862068965,160.79310344827587,170.0,158.2
1370350,2023-05-23,Gujarat Titans,Chennai Super Kings,0,157.0,172.0,0.7333333333333333,0.7,170.43333333333334,162.0,184.6,171.6
1370352,2023-05-26,Gujarat Titans,Gujarat Titans,1,233.0,171.0,0.7096774193548387,0.7,170.0,162.32258064516128,192.2,182.4
1370353,2023-05-29,Gujarat Titans,Chennai Super Kings,0,214.0,171.0,0.71875,0.7,171.96875,162.59375,193.4,182.4
1422123,2024-03-24,Gujarat Titans,Gujarat Titans,1,,,0.696969696969697,0.6,173.24242424242425,162.84848484848484,198.0,173.0
1422125,2024-03-26,Gujarat Titans,Chennai Super Kings,0,,,0.7058823529411765,0.6,173.24242424242425,162.84848484848484,200.5,177.75
1422130,2024-03-31,Gujarat Titans,Gujarat Titans,1,,,0.6857142857142857,0.6,173.24242424242425,162.84848484848484,201.33333333333334,171.33333333333334
1422135,2024-04-04,Gujarat Titans,Punjab Kings,0,,,0.6944444444444444,0.6,173.24242424242425,162.84848484848484,223.5,171.0
1422139,2024-04-07,Gujarat Titans,Lucknow Super Giants,0,,,0.6756756756756757,0.5,173.24242424242425,162.84848484848484,160.0,160.0
1426262,2024-04-10,Gujarat Titans,Gujarat Titans,1,,,0.6578947368421053,0.5,173.24242424242425,162.84848484848484,160.0,160.0
1426270,2024-04-17,Gujarat Titans,Delhi Capitals,0,,,0.6666666666666666,0.5,173.24242424242425,162.84848484848484,160.0,160.0
1426275,2024-04-21,Gujarat Titans,Gujarat Titans,1,,,0.65,0.4,173.24242424242425,162.84848484848484,160.0,160.0
1426278,2024-04-24,Gujarat Titans,Delhi Capitals,0,,,0.6585365853658537,0.5,173.24242424242425,162.84848484848484,160.0,160.0
1426283,2024-04-28,Gujarat Titans,Royal Challengers Bengaluru,0,,,0.6428571428571429,0.4,173.24242424242425,162.84848484848484,160.0,160.0
1426290,2024-05-04,Gujarat Titans,Royal Challengers Bengaluru,0,,,0.627906976744186,0.4,173.24242424242425,162.84848484848484,160.0,160.0
1426297,2024-05-10,Gujarat Titans,Gujarat Titans,1,,,0.6136363636363636,0.3,173.24242424242425,162.84848484848484,160.0,160.0
1473442,2025-03-25,Gujarat Titans,Punjab Kings,0,,,0.6222222222222222,0.4,173.24242424242425,162.84848484848484,160.0,160.0
1473446,2025-03-29,Gujarat Titans,Gujarat Titans,1,,,0.6086956521739131,0.3,173.24242424242425,162.84848484848484,160.0,160.0
1473451,2025-04-02,Gujarat Titans,Gujarat Titans,1,,,0.6170212765957447,0.4,173.24242424242425,162.84848484848484,160.0,160.0
1473457,2025-04-06,Gujarat Titans,Gujarat Titans,1,,,0.625,0.5,173.24242424242425,162.84848484848484,160.0,160.0
1473460,2025-04-09,Gujarat Titans,Gujarat Titans,1,,,0.6326530612244898,0.5,173.24242424242425,162.84848484848484,160.0,160.0
1473463,2025-04-12,Gujarat Titans,Lucknow Super Giants,0,,,0.64,0.6,173.24242424242425,162.84848484848484,160.0,160.0
1473472,2025-04-19,Gujarat Titans,Gujarat Titans,1,,,0.6274509803921569,0.5,173.24242424242425,162.84848484848484,160.0,160.0
1473476,2025-04-21,Gujarat Titans,Gujarat Titans,1,,,0.6346153846153846,0.6,173.24242424242425,162.84848484848484,160.0,160.0
1473484,2025-04-28,Gujarat Titans,Rajasthan Royals,0,,,0.6415094339622641,0.7,173.24242424242425,162.84848484848484,160.0,160.0
1473488,2025-05-02,Gujarat Titans,Gujarat Titans,1,,,0.6296296296296297,0.7,173.24242424242425,162.84848484848484,160.0,160.0
1473493,2025-05-06,Gujarat Titans,Gujarat Titans,1,,,0.6363636363636364,0.7,173.24242424242425,162.84848484848484,160.0,160.0
1473498,2025-05-18,Gujarat Titans,Gujarat Titans,1,,,0.6428571428571429,0.8,173.24242424242425,162.84848484848484,160.0,160.0
1473502,2025-05-22,Gujarat Titans,Lucknow Super Giants,0,,,0.6491228070175439,0.8,173.24242424242425,162.84848484848484,160.0,160.0
1473504,2025-05-25,Gujarat Titans,Chennai Super Kings,0,,,0.6379310344827587,0.7,173.24242424242425,162.84848484848484,160.0,160.0
1473509,2025-05-30,Gujarat Titans,Mumbai Indians,0,,,0.6271186440677966,0.6,173.24242424242425,162.84848484848484,160.0,160.0
335983,2008-04-19,Kings XI Punjab,Chennai Super Kings,0,207.0,240.0,0.5,0.5,160.0,160.0,160.0,160.0
335987,2008-04-21,Kings XI Punjab,Rajasthan Royals,0,166.0,168.0,0.0,0.5,207.0,240.0,160.0,160.0
335991,2008-04-25,Kings XI Punjab,Kings XI Punjab,1,182.0,116.0,0.0,0.5,186.5,204.0,186.5,204.0
335995,2008-04-27,Kings XI Punjab,Kings XI Punjab,1,162.0,158.0,0.3333333333333333,0.3333333333333333,185.0,174.66666666666666,185.0,174.66666666666666
335999,2008-05-01,Kings XI Punjab,Kings XI Punjab,1,167.0,164.0,0.5,0.5,179.25,170.5,179.25,170.5
336003,2008-05-03,Kings XI Punjab,Kings XI Punjab,1,178.0,169.0,0.6,0.6,176.8,169.2,176.8,169.2
336006,2008-05-05,Kings XI Punjab,Kings XI Punjab,1,127.0,126.0,0.6666666666666666,0.6666666666666666,177.0,169.16666666666666,171.0,155.0
336013,2008-05-10,Kings XI Punjab,Chennai Super Kings,0,163.0,181.0,0.7142857142857143,0.7142857142857143,169.85714285714286,163.0,163.2,146.6
336016,2008-05-12,Kings XI Punjab,Kings XI Punjab,1,144.0,143.0,0.625,0.625,169.0,165.25,159.4,159.6
336022,2008-05-17,Kings XI Punjab,Kings XI Punjab,1,94.0,118.0,0.6666666666666666,0.6666666666666666,166.22222222222223,162.77777777777777,155.8,156.6
336028,2008-05-21,Kings XI Punjab,Kings XI Punjab,1,189.0,188.0,0.7,0.7,159.0,158.3,141.2,147.4
336031,2008-05-23,Kings XI Punjab,Kings XI Punjab,1,178.0,175.0,0.7272727272727273,0.8,161.72727272727272,161.0,143.4,151.2
336035,2008-05-25,Kings XI Punjab,Kolkata Knight Riders,0,174.0,175.0,0.75,0.9,163.08333333333334,162.16666666666666,153.6,161.0
336019,2008-05-28,Kings XI Punjab,Kings XI Punjab,1,221.0,180.0,0.6923076923076923,0.8,163.92307692307693,163.15384615384616,155.8,159.8
336039,2008-05-31,Kings XI Punjab,Chennai Super Kings,0,112.0,116.0,0.7142857142857143,0.8,168.0,164.35714285714286,171.2,167.2
392183,2009-04-19,Kings XI Punjab,Delhi Daredevils,0,104.0,58.0,0.6666666666666666,0.7,164.26666666666668,161.13333333333333,174.8,166.8
392186,2009-04-21,Kings XI Punjab,Kolkata Knight Riders,0,158.0,79.0,0.625,0.6,160.5,154.6875,157.8,140.8
392191,2009-04-24,Kings XI Punjab,Kings XI Punjab,1,173.0,168.0,0.5882352941176471,0.5,160.35294117647058,150.23529411764707,153.8,121.6
392195,2009-04-26,Kings XI Punjab,Kings XI Punjab,1,139.0,112.0,0.6111111111111112,0.6,161.05555555555554,151.22222222222223,153.6,120.2
392200,2009-04-29,Kings XI Punjab,Kings XI Punjab,1,119.0,116.0,0.631578947368421,0.6,159.89473684210526,149.1578947368421,137.2,106.6
392204,2009-05-01,Kings XI Punjab,Royal Challengers Bangalore,0,137.0,145.0,0.65,0.6,157.85,147.5,138.6,106.6
392207,2009-05-03,Kings XI Punjab,Kings XI Punjab,1,154.0,153.0,0.6190476190476191,0.5,156.85714285714286,147.38095238095238,145.2,124.0
392210,2009-05-05,Kings XI Punjab,Rajasthan Royals,0,133.0,211.0,0.6363636363636364,0.5,156.72727272727272,147.63636363636363,144.4,138.8
392214,2009-05-07,Kings XI Punjab,Chennai Super Kings,0,174.0,185.0,0.6086956521739131,0.5,155.69565217391303,150.3913043478261,136.4,147.4
392216,2009-05-09,Kings XI Punjab,Kings XI Punjab,1,169.0,168.0,0.5833333333333334,0.4,156.45833333333334,151.83333333333334,143.4,162.0
392222,2009-05-12,Kings XI Punjab,Mumbai Indians,0,119.0,122.0,0.6,0.5,156.96,152.48,153.4,172.4
392226,2009-05-15,Kings XI Punjab,Kings XI Punjab,1,123.0,120.0,0.5769230769230769,0.5,155.5,151.30769230769232,149.8,167.8
392229,2009-05-17,Kings XI Punjab,Kings XI Punjab,1,134.0,133.0,0.5925925925925926,0.6,154.2962962962963,150.14814814814815,143.6,161.2
392234,2009-05-20,Kings XI Punjab,Chennai Super Kings,0,92.0,116.0,0.6071428571428571,0.6,153.57142857142858,149.53571428571428,143.8,145.6
419108,2010-03-13,Kings XI Punjab,Delhi Daredevils,0,142.0,146.0,0.5862068965517241,0.5,151.44827586206895,148.3793103448276,127.4,131.8
419112,2010-03-16,Kings XI Punjab,Royal Challengers Bangalore,0,203.0,204.0,0.5666666666666667,0.4,151.13333333333333,148.3,122.0,127.4
419117,2010-03-19,Kings XI Punjab,Deccan Chargers,0,164.0,170.0,0.5483870967741935,0.4,152.80645161290323,150.09677419354838,138.8,143.8
419124,2010-03-24,Kings XI Punjab,Rajasthan Royals,0,152.0,183.0,0.53125,0.3,153.15625,150.71875,147.0,153.8
419127,2010-03-27,Kings XI Punjab,Kolkata Knight Riders,0,144.0,183.0,0.5151515151515151,0.3,153.12121212121212,151.6969696969697,150.6,163.8
419132,2010-03-30,Kings XI Punjab,Mumbai Indians,0,163.0,164.0,0.5,0.3,152.85294117647058,152.61764705882354,161.0,177.2
419136,2010-04-02,Kings XI Punjab,Royal Challengers Bangalore,0,181.0,184.0,0.4857142857142857,0.2,153.14285714285714,152.94285714285715,165.2,180.8
419139,2010-04-04,Kings XI Punjab,Kings XI Punjab,1,204.0,200.0,0.4722222222222222,0.2,153.91666666666666,153.80555555555554,160.8,176.8
419143,2010-04-07,Kings XI Punjab,Rajasthan Royals,0,153.0,157.0,0.4864864864864865,0.2,155.27027027027026,155.05405405405406,168.8,182.8
419146,2010-04-09,Kings XI Punjab,Kings XI Punjab,1,158.0,154.0,0.47368421052631576,0.1,155.21052631578948,155.10526315789474,169.0,177.6
419149,2010-04-11,Kings XI Punjab,Kings XI Punjab,1,112.0,111.0,0.48717948717948717,0.2,155.28205128205127,155.07692307692307,171.8,171.8
419156,2010-04-16,Kings XI Punjab,Deccan Chargers,0,174.0,178.0,0.5,0.3,154.2,153.975,161.6,161.2
419159,2010-04-18,Kings XI Punjab,Chennai Super Kings,0,192.0,195.0,0.4878048780487805,0.3,154.6829268292683,154.5609756097561,160.2,160.0
501202,2011-04-10,Kings XI Punjab,Pune Warriors,0,112.0,113.0,0.47619047619047616,0.3,155.57142857142858,155.52380952380952,157.8,159.0
501206,2011-04-13,Kings XI Punjab,Kings XI Punjab,1,193.0,188.0,0.46511627906976744,0.3,154.5581395348837,154.53488372093022,149.6,150.2
501212,2011-04-16,Kings XI Punjab,Kings XI Punjab,1,166.0,165.0,0.4772727272727273,0.4,155.4318181818182,155.29545454545453,156.6,157.0
501220,2011-04-21,Kings XI Punjab,Kings XI Punjab,1,195.0,147.0,0.4888888888888889,0.5,155.66666666666666,155.51111111111112,167.4,167.8
501223,2011-04-23,Kings XI Punjab,Delhi Daredevils,0,202.0,231.0,0.5,0.6,156.52173913043478,155.32608695652175,171.6,161.6
501234,2011-04-30,Kings XI Punjab,Kolkata Knight Riders,0,119.0,120.0,0.48936170212765956,0.5,157.48936170212767,156.93617021276594,173.6,168.8
501237,2011-05-02,Kings XI Punjab,Mumbai Indians,0,136.0,159.0,0.4791666666666667,0.5,156.6875,156.16666666666666,175.0,170.2
501244,2011-05-06,Kings XI Punjab,Royal Challengers Bangalore,0,120.0,205.0,0.46938775510204084,0.4,156.26530612244898,156.22448979591837,163.6,164.4
501248,2011-05-08,Kings XI Punjab,Pune Warriors,0,119.0,120.0,0.46,0.3,155.54,157.2,154.4,172.4
501251,2011-05-10,Kings XI Punjab,Kings XI Punjab,1,163.0,87.0,0.45098039215686275,0.3,154.8235294117647,156.47058823529412,139.2,167.0
501254,2011-05-13,Kings XI Punjab,Kings XI Punjab,1,181.0,178.0,0.46153846153846156,0.4,154.98076923076923,155.1346153846154,131.4,138.2
501257,2011-05-15,Kings XI Punjab,Kings XI Punjab,1,170.0,141.0,0.4716981132075472,0.5,155.47169811320754,155.56603773584905,143.8,149.8
501260,2011-05-17,Kings XI Punjab,Kings XI Punjab,1,232.0,121.0,0.48148148148148145,0.5,155.74074074074073,155.2962962962963,150.6,146.2
501264,2011-05-21,Kings XI Punjab,Deccan Chargers,0,116.0,198.0,0.4909090909090909,0.5,157.12727272727273,154.6727272727273,173.0,129.4
548309,2012-04-06,Kings XI Punjab,Rajasthan Royals,0,160.0,191.0,0.48214285714285715,0.4,156.39285714285714,155.44642857142858,172.4,145.0
548313,2012-04-08,Kings XI Punjab,Pune Warriors,0,144.0,166.0,0.47368421052631576,0.4,156.4561403508772,156.0701754385965,171.8,165.8
548319,2012-04-12,Kings XI Punjab,Kings XI Punjab,1,116.0,115.0,0.46551724137931033,0.4,156.24137931034483,156.24137931034483,164.4,163.4
548323,2012-04-15,Kings XI Punjab,Kings XI Punjab,1,134.0,132.0,0.4745762711864407,0.5,155.5593220338983,155.54237288135593,153.6,158.2
548328,2012-04-18,Kings XI Punjab,Kolkata Knight Riders,0,124.0,127.0,0.48333333333333334,0.6,155.2,155.15,134.0,160.4
548331,2012-04-20,Kings XI Punjab,Royal Challengers Bangalore,0,163.0,166.0,0.47540983606557374,0.6,154.68852459016392,154.68852459016392,135.6,146.2
548334,2012-04-22,Kings XI Punjab,Kings XI Punjab,1,164.0,163.0,0.46774193548387094,0.5,154.82258064516128,154.8709677419355,136.2,141.2
548339,2012-04-25,Kings XI Punjab,Mumbai Indians,0,168.0,171.0,0.47619047619047616,0.5,154.96825396825398,155.0,140.2,140.6
548343,2012-04-28,Kings XI Punjab,Kings XI Punjab,1,156.0,149.0,0.46875,0.4,155.171875,155.25,150.6,151.8
548350,2012-05-02,Kings XI Punjab,Kings XI Punjab,1,163.0,158.0,0.47692307692307695,0.4,155.1846153846154,155.15384615384616,155.0,155.2
548354,2012-05-05,Kings XI Punjab,Rajasthan Royals,0,134.0,177.0,0.48484848484848486,0.5,155.3030303030303,155.1969696969697,162.8,161.4
548359,2012-05-08,Kings XI Punjab,Kings XI Punjab,1,170.0,145.0,0.47761194029850745,0.5,154.98507462686567,155.52238805970148,157.0,163.6
548366,2012-05-13,Kings XI Punjab,Kings XI Punjab,1,194.0,190.0,0.4852941176470588,0.6,155.2058823529412,155.36764705882354,158.2,160.0
548369,2012-05-15,Kings XI Punjab,Delhi Daredevils,0,136.0,140.0,0.4927536231884058,0.6,155.768115942029,155.8695652173913,163.4,163.8
548371,2012-05-17,Kings XI Punjab,Kings XI Punjab,1,123.0,120.0,0.4857142857142857,0.5,155.4857142857143,155.64285714285714,159.4,162.0
548374,2012-05-19,Kings XI Punjab,Delhi Daredevils,0,141.0,145.0,0.49295774647887325,0.6,155.0281690140845,155.14084507042253,151.4,154.4
598003,2013-04-07,Kings XI Punjab,Kings XI Punjab,1,100.0,99.0,0.4861111111111111,0.6,154.83333333333334,155.0,152.8,148.0
598007,2013-04-10,Kings XI Punjab,Chennai Super Kings,0,138.0,139.0,0.4931506849315068,0.6,154.08219178082192,154.23287671232876,138.8,138.8
598014,2013-04-14,Kings XI Punjab,Rajasthan Royals,0,124.0,126.0,0.4864864864864865,0.6,153.86486486486487,154.02702702702703,127.6,128.6
598016,2013-04-16,Kings XI Punjab,Kings XI Punjab,1,157.0,153.0,0.48,0.5,153.46666666666667,153.65333333333334,125.2,125.8
598021,2013-04-19,Kings XI Punjab,Sunrisers Hyderabad,0,123.0,127.0,0.4868421052631579,0.5,153.51315789473685,153.64473684210526,132.0,132.4
598025,2013-04-21,Kings XI Punjab,Kings XI Punjab,1,186.0,185.0,0.4805194805194805,0.5,153.11688311688312,153.2987012987013,128.4,128.8
598059,2013-04-23,Kings XI Punjab,Kings XI Punjab,1,121.0,120.0,0.48717948717948717,0.5,153.53846153846155,153.7051282051282,145.6,146.0
598031,2013-04-26,Kings XI Punjab,Kolkata Knight Riders,0,149.0,150.0,0.4936708860759494,0.5,153.126582278481,153.27848101265823,142.2,142.2
598037,2013-04-29,Kings XI Punjab,Mumbai Indians,0,170.0,174.0,0.4875,0.5,153.075,153.2375,147.2,147.0
598041,2013-05-02,Kings XI Punjab,Chennai Super Kings,0,171.0,186.0,0.48148148148148145,0.4,153.28395061728395,153.49382716049382,149.8,151.2
598064,2013-05-06,Kings XI Punjab,Kings XI Punjab,1,194.0,190.0,0.47560975609756095,0.4,153.5,153.890243902439,159.4,163.0
598052,2013-05-09,Kings XI Punjab,Rajasthan Royals,0,145.0,147.0,0.4819277108433735,0.4,153.9879518072289,154.32530120481928,161.0,164.0
598056,2013-05-11,Kings XI Punjab,Sunrisers Hyderabad,0,120.0,150.0,0.47619047619047616,0.4,153.88095238095238,154.23809523809524,165.8,169.4
598045,2013-05-14,Kings XI Punjab,Kings XI Punjab,1,176.0,174.0,0.47058823529411764,0.4,153.48235294117646,154.18823529411765,160.0,169.4
598028,2013-05-16,Kings XI Punjab,Kings XI Punjab,1,171.0,164.0,0.47674418604651164,0.4,153.74418604651163,154.41860465116278,161.2,169.4
598066,2013-05-18,Kings XI Punjab,Kings XI Punjab,1,183.0,133.0,0.4827586206896552,0.5,153.94252873563218,154.5287356321839,161.2,165.0
729283,2014-04-18,Kings XI Punjab,Kings XI Punjab,1,206.0,205.0,0.48863636363636365,0.5,154.27272727272728,154.2840909090909,159.0,153.6
729291,2014-04-20,Kings XI Punjab,Kings XI Punjab,1,193.0,191.0,0.4943820224719101,0.5,154.85393258426967,154.85393258426967,171.2,165.2
729295,2014-04-22,Kings XI Punjab,Kings XI Punjab,1,193.0,121.0,0.5,0.6,155.27777777777777,155.25555555555556,185.8,173.4
729307,2014-04-26,Kings XI Punjab,Kings XI Punjab,1,132.0,109.0,0.5054945054945055,0.7,155.69230769230768,154.87912087912088,189.2,162.8
729313,2014-04-28,Kings XI Punjab,Kings XI Punjab,1,127.0,124.0,0.5108695652173914,0.8,155.43478260869566,154.3804347826087,181.4,151.8
733973,2014-05-03,Kings XI Punjab,Mumbai Indians,0,168.0,170.0,0.5161290322580645,0.8,155.1290322580645,154.05376344086022,170.2,150.0
733987,2014-05-07,Kings XI Punjab,Kings XI Punjab,1,231.0,187.0,0.5106382978723404,0.8,155.2659574468085,154.22340425531914,162.6,143.0
733991,2014-05-09,Kings XI Punjab,Kings XI Punjab,1,198.0,166.0,0.5157894736842106,0.9,156.06315789473683,154.56842105263158,170.2,142.2
733997,2014-05-11,Kings XI Punjab,Kolkata Knight Riders,0,149.0,150.0,0.5208333333333334,0.9,156.5,154.6875,171.2,151.2
734007,2014-05-14,Kings XI Punjab,Kings XI Punjab,1,211.0,205.0,0.5154639175257731,0.8,156.42268041237114,154.63917525773195,174.6,159.4
734019,2014-05-19,Kings XI Punjab,Kings XI Punjab,1,165.0,164.0,0.5204081632653061,0.8,156.9795918367347,155.1530612244898,191.4,175.6
734025,2014-05-21,Kings XI Punjab,Mumbai Indians,0,156.0,159.0,0.5252525252525253,0.8,157.06060606060606,155.24242424242425,190.8,174.4
734033,2014-05-23,Kings XI Punjab,Kings XI Punjab,1,179.0,163.0,0.52,0.7,157.05,155.28,175.8,168.8
734039,2014-05-25,Kings XI Punjab,Kings XI Punjab,1,119.0,115.0,0.5247524752475248,0.7,157.26732673267327,155.35643564356437,172.0,168.2
734043,2014-05-27,Kings XI Punjab,Kolkata Knight Riders,0,135.0,163.0,0.5294117647058824,0.7,156.8921568627451,154.9607843137255,166.0,161.2
734047,2014-05-30,Kings XI Punjab,Kings XI Punjab,1,226.0,202.0,0.5242718446601942,0.6,156.67961165048544,155.03883495145632,150.8,152.8
734049,2014-06-01,Kings XI Punjab,Kolkata Knight Riders,0,199.0,200.0,0.5288461538461539,0.7,157.34615384615384,155.4903846153846,163.0,160.4
829709,2015-04-10,Kings XI Punjab,Rajasthan Royals,0,136.0,162.0,0.5238095238095238,0.6,157.74285714285713,155.9142857142857,171.6,168.6
829717,2015-04-12,Kings XI Punjab,Kings XI Punjab,1,177.0,159.0,0.5188679245283019,0.5,157.53773584905662,155.97169811320754,163.0,168.4
829725,2015-04-15,Kings XI Punjab,Delhi Daredevils,0,165.0,169.0,0.5233644859813084,0.6,157.7196261682243,156.0,174.6,177.2
829733,2015-04-18,Kings XI Punjab,Kolkata Knight Riders,0,155.0,159.0,0.5185185185185185,0.5,157.78703703703704,156.12037037037038,180.6,178.4
829753,2015-04-25,Kings XI Punjab,Chennai Super Kings,0,95.0,192.0,0.5137614678899083,0.4,157.76146788990826,156.14678899082568,166.4,169.8
829759,2015-04-27,Kings XI Punjab,Sunrisers Hyderabad,0,130.0,150.0,0.509090909090909,0.4,157.1909090909091,156.47272727272727,145.6,168.2
829767,2015-05-01,Kings XI Punjab,Delhi Daredevils,0,118.0,119.0,0.5045045045045045,0.3,156.94594594594594,156.4144144144144,144.4,165.8
829775,2015-05-03,Kings XI Punjab,Mumbai Indians,0,149.0,172.0,0.5,0.2,156.59821428571428,156.08035714285714,132.6,157.8
829785,2015-05-06,Kings XI Punjab,Royal Challengers Bangalore,0,88.0,226.0,0.49557522123893805,0.2,156.53097345132744,156.2212389380531,129.4,158.4
829791,2015-05-09,Kings XI Punjab,Kolkata Knight Riders,0,183.0,184.0,0.49122807017543857,0.1,155.9298245614035,156.83333333333334,116.0,171.8
829799,2015-05-11,Kings XI Punjab,Sunrisers Hyderabad,0,180.0,185.0,0.48695652173913045,0.1,156.16521739130434,157.0695652173913,133.6,170.2
829803,2015-05-13,Kings XI Punjab,Kings XI Punjab,1,106.0,84.0,0.4827586206896552,0.1,156.3706896551724,157.31034482758622,143.6,177.2
829809,2015-05-16,Kings XI Punjab,Chennai Super Kings,0,130.0,134.0,0.48717948717948717,0.1,155.94017094017093,156.68376068376068,141.2,170.2
980905,2016-04-11,Kings XI Punjab,Gujarat Lions,0,161.0,162.0,0.4830508474576271,0.1,155.72033898305085,156.4915254237288,137.4,162.6
980913,2016-04-15,Kings XI Punjab,Delhi Daredevils,0,111.0,113.0,0.4789915966386555,0.1,155.76470588235293,156.53781512605042,152.0,149.8
980919,2016-04-17,Kings XI Punjab,Kings XI Punjab,1,153.0,152.0,0.475,0.1,155.39166666666668,156.175,137.6,135.6
980925,2016-04-19,Kings XI Punjab,Kolkata Knight Riders,0,138.0,141.0,0.4793388429752066,0.2,155.37190082644628,156.1404958677686,132.2,129.0
980935,2016-04-23,Kings XI Punjab,Sunrisers Hyderabad,0,143.0,146.0,0.47540983606557374,0.2,155.2295081967213,156.01639344262296,138.6,140.4
980941,2016-04-25,Kings XI Punjab,Mumbai Indians,0,164.0,189.0,0.4715447154471545,0.2,155.130081300813,155.9349593495935,141.2,142.8
980955,2016-05-01,Kings XI Punjab,Kings XI Punjab,1,154.0,131.0,0.46774193548387094,0.2,155.2016129032258,156.2016129032258,141.8,148.2
980963,2016-05-04,Kings XI Punjab,Kolkata Knight Riders,0,157.0,164.0,0.472,0.3,155.192,156.0,150.4,151.8
980971,2016-05-07,Kings XI Punjab,Kings XI Punjab,1,181.0,172.0,0.46825396825396826,0.3,155.20634920634922,156.06349206349208,151.2,154.2
980977,2016-05-09,Kings XI Punjab,Royal Challengers Bangalore,0,174.0,175.0,0.47244094488188976,0.3,155.40944881889763,156.18897637795277,159.8,160.4
980985,2016-05-13,Kings XI Punjab,Kings XI Punjab,1,127.0,124.0,0.46875,0.3,155.5546875,156.3359375,166.0,166.2
980991,2016-05-15,Kings XI Punjab,Sunrisers Hyderabad,0,179.0,180.0,0.4728682170542636,0.4,155.33333333333334,156.08527131782947,158.6,153.2
980999,2016-05-18,Kings XI Punjab,Royal Challengers Bangalore,0,120.0,211.0,0.46923076923076923,0.4,155.51538461538462,156.26923076923077,163.6,163.0
981005,2016-05-21,Kings XI Punjab,Rising Pune Supergiants,0,172.0,173.0,0.46564885496183206,0.3,155.24427480916032,156.68702290076337,156.2,172.4
1082594,2017-04-08,Kings XI Punjab,Kings XI Punjab,1,164.0,163.0,0.4621212121212121,0.3,155.37121212121212,156.81060606060606,154.4,172.6
1082598,2017-04-10,Kings XI Punjab,Kings XI Punjab,1,150.0,148.0,0.46616541353383456,0.4,155.4360902255639,156.85714285714286,152.4,170.2
1082601,2017-04-13,Kings XI Punjab,Kolkata Knight Riders,0,170.0,171.0,0.4701492537313433,0.5,155.3955223880597,156.7910447761194,157.0,175.0
1082605,2017-04-15,Kings XI Punjab,Delhi Daredevils,0,137.0,188.0,0.4666666666666667,0.4,155.5037037037037,156.8962962962963,155.2,173.2
1082609,2017-04-17,Kings XI Punjab,Sunrisers Hyderabad,0,154.0,159.0,0.4632352941176471,0.4,155.36764705882354,157.125,158.6,168.6
1082612,2017-04-20,Kings XI Punjab,Mumbai Indians,0,198.0,199.0,0.45985401459854014,0.3,155.35766423357666,157.13868613138686,155.0,165.8
1082616,2017-04-23,Kings XI Punjab,Kings XI Punjab,1,188.0,162.0,0.45652173913043476,0.3,155.66666666666666,157.44202898550725,161.8,173.0
1082623,2017-04-28,Kings XI Punjab,Sunrisers Hyderabad,0,181.0,207.0,0.460431654676259,0.3,155.89928057553956,157.4748201438849,169.4,175.8
1082626,2017-04-30,Kings XI Punjab,Kings XI Punjab,1,68.0,67.0,0.45714285714285713,0.3,156.07857142857142,157.82857142857142,171.6,183.0
1082633,2017-05-05,Kings XI Punjab,Kings XI Punjab,1,138.0,119.0,0.46099290780141844,0.4,155.45390070921985,157.18439716312056,157.8,158.8
1082637,2017-05-07,Kings XI Punjab,Gujarat Lions,0,189.0,192.0,0.4647887323943662,0.5,155.33098591549296,156.91549295774647,154.6,150.8
1082639,2017-05-09,Kings XI Punjab,Kings XI Punjab,1,167.0,153.0,0.46153846153846156,0.4,155.56643356643357,157.16083916083917,152.8,149.4
1082641,2017-05-11,Kings XI Punjab,Kings XI Punjab,1,230.0,223.0,0.4652777777777778,0.4,155.64583333333334,157.13194444444446,148.6,147.6
1082645,2017-05-14,Kings XI Punjab,Rising Pune Supergiant,0,73.0,78.0,0.4689655172413793,0.5,156.15862068965518,157.58620689655172,158.4,150.8
1136562,2018-04-08,Kings XI Punjab,Kings XI Punjab,1,167.0,166.0,0.4657534246575342,0.5,155.58904109589042,157.04109589041096,159.4,153.0
1136568,2018-04-13,Kings XI Punjab,Royal Challengers Bangalore,0,155.0,159.0,0.46938775510204084,0.6,155.66666666666666,157.10204081632654,165.2,162.4
1136572,2018-04-15,Kings XI Punjab,Kings XI Punjab,1,197.0,193.0,0.46621621621621623,0.6,155.66216216216216,157.11486486486487,158.4,155.8
1136576,2018-04-19,Kings XI Punjab,Kings XI Punjab,1,193.0,178.0,0.4697986577181208,0.6,155.93959731543623,157.35570469798657,164.4,163.8
1136578,2018-04-21,Kings XI Punjab,Kings XI Punjab,1,126.0,191.0,0.47333333333333333,0.7,156.18666666666667,157.49333333333334,157.0,154.8
1136582,2018-04-23,Kings XI Punjab,Kings XI Punjab,1,143.0,139.0,0.4768211920529801,0.7,155.98675496688742,157.71523178807948,167.6,177.4
1136585,2018-04-26,Kings XI Punjab,Sunrisers Hyderabad,0,119.0,132.0,0.48026315789473684,0.7,155.90131578947367,157.5921052631579,162.8,172.0
1136594,2018-05-04,Kings XI Punjab,Mumbai Indians,0,174.0,176.0,0.477124183006536,0.7,155.66013071895424,157.4248366013072,155.6,166.6
1136598,2018-05-06,Kings XI Punjab,Kings XI Punjab,1,155.0,152.0,0.474025974025974,0.6,155.7792207792208,157.54545454545453,151.0,163.2
1136600,2018-05-08,Kings XI Punjab,Rajasthan Royals,0,143.0,158.0,0.4774193548387097,0.6,155.7741935483871,157.50967741935483,143.4,158.0
1136604,2018-05-12,Kings XI Punjab,Kolkata Knight Riders,0,214.0,245.0,0.47435897435897434,0.6,155.69230769230768,157.51282051282053,146.8,151.4
1136608,2018-05-14,Kings XI Punjab,Royal Challengers Bangalore,0,88.0,92.0,0.4713375796178344,0.5,156.06369426751593,158.0700636942675,161.0,172.6
1136610,2018-05-16,Kings XI Punjab,Mumbai Indians,0,183.0,186.0,0.46835443037974683,0.5,155.63291139240508,157.65189873417722,154.8,164.6
1136616,2018-05-20,Kings XI Punjab,Chennai Super Kings,0,153.0,159.0,0.46540880503144655,0.4,155.80503144654088,157.83018867924528,156.6,166.6
1175359,2019-03-25,Kings XI Punjab,Kings XI Punjab,1,184.0,170.0,0.4625,0.3,155.7875,157.8375,156.2,168.0
1175361,2019-03-27,Kings XI Punjab,Kolkata Knight Riders,0,190.0,218.0,0.4658385093167702,0.3,155.96273291925465,157.91304347826087,164.4,170.4
1175364,2019-03-30,Kings XI Punjab,Kings XI Punjab,1,177.0,176.0,0.46296296296296297,0.2,156.17283950617283,158.28395061728395,159.6,165.0
1175368,2019-04-01,Kings XI Punjab,Kings XI Punjab,1,166.0,152.0,0.4662576687116564,0.3,156.30061349693253,158.3926380368098,177.4,181.8
1178393,2019-04-06,Kings XI Punjab,Chennai Super Kings,0,138.0,160.0,0.4695121951219512,0.4,156.359756097561,158.35365853658536,174.0,175.0
1178397,2019-04-08,Kings XI Punjab,Kings XI Punjab,1,151.0,150.0,0.4666666666666667,0.3,156.24848484848485,158.36363636363637,171.0,175.2
1178399,2019-04-10,Kings XI Punjab,Mumbai Indians,0,197.0,198.0,0.46987951807228917,0.4,156.21686746987953,158.3132530120482,164.4,171.2
1178403,2019-04-13,Kings XI Punjab,Royal Challengers Bangalore,0,173.0,174.0,0.46706586826347307,0.4,156.46107784431138,158.55089820359282,165.8,167.2
1178407,2019-04-16,Kings XI Punjab,Kings XI Punjab,1,182.0,170.0,0.4642857142857143,0.4,156.5595238095238,158.64285714285714,165.0,166.8
1178412,2019-04-20,Kings XI Punjab,Delhi Capitals,0,163.0,166.0,0.46745562130177515,0.5,156.71005917159763,158.71005917159763,168.2,170.4
1178417,2019-04-24,Kings XI Punjab,Royal Challengers Bangalore,0,185.0,202.0,0.4647058823529412,0.5,156.74705882352941,158.75294117647059,173.2,171.6
1178423,2019-04-29,Kings XI Punjab,Sunrisers Hyderabad,0,167.0,212.0,0.4619883040935672,0.4,156.91228070175438,159.00584795321637,180.0,182.0
1178427,2019-05-03,Kings XI Punjab,Kolkata Knight Riders,0,183.0,185.0,0.45930232558139533,0.4,156.97093023255815,159.3139534883721,174.0,184.8
1178430,2019-05-05,Kings XI Punjab,Kings XI Punjab,1,173.0,170.0,0.45664739884393063,0.3,157.121387283237,159.46242774566474,176.0,187.0
1216510,2020-09-24,Kings XI Punjab,Kings XI Punjab,1,206.0,109.0,0.45977011494252873,0.3,157.21264367816093,159.52298850574712,174.2,187.0
1216527,2020-09-27,Kings XI Punjab,Rajasthan Royals,0,223.0,226.0,0.46285714285714286,0.4,157.49142857142857,159.2342857142857,182.8,175.6
1216503,2020-10-01,Kings XI Punjab,Mumbai Indians,0,143.0,191.0,0.4602272727272727,0.3,157.86363636363637,159.61363636363637,190.4,180.4
1216513,2020-10-04,Kings XI Punjab,Chennai Super Kings,0,178.0,181.0,0.4576271186440678,0.3,157.77966101694915,159.7909604519774,185.6,176.2
1216542,2020-10-08,Kings XI Punjab,Sunrisers Hyderabad,0,132.0,201.0,0.4550561797752809,0.3,157.8932584269663,159.91011235955057,184.6,175.4
1216523,2020-10-10,Kings XI Punjab,Kolkata Knight Riders,0,162.0,164.0,0.45251396648044695,0.2,157.7486033519553,160.13966480446928,176.4,181.6
1216531,2020-10-15,Kings XI Punjab,Kings XI Punjab,1,177.0,171.0,0.45,0.2,157.7722222222222,160.1611111111111,167.6,192.6
1216546,2020-10-20,Kings XI Punjab,Kings XI Punjab,1,167.0,164.0,0.4530386740331492,0.3,157.87845303867402,160.22099447513813,158.4,181.6
1216498,2020-10-24,Kings XI Punjab,Kings XI Punjab,1,126.0,114.0,0.45604395604395603,0.4,157.92857142857142,160.24175824175825,163.2,176.2
1216520,2020-10-26,Kings XI Punjab,Kings XI Punjab,1,150.0,149.0,0.45901639344262296,0.5,157.75409836065575,159.98907103825135,152.8,162.8
1216537,2020-10-30,Kings XI Punjab,Rajasthan Royals,0,185.0,186.0,0.46195652173913043,0.5,157.71195652173913,159.92934782608697,156.4,152.4
1216506,2020-11-01,Kings XI Punjab,Chennai Super Kings,0,153.0,154.0,0.4594594594594595,0.4,157.85945945945946,160.07027027027027,161.0,156.8
501200,2011-04-09,Kochi Tuskers Kerala,Royal Challengers Bangalore,0,161.0,162.0,0.5,0.5,160.0,160.0,160.0,160.0
501207,2011-04-13,Kochi Tuskers Kerala,Pune Warriors,0,148.0,151.0,0.0,0.5,161.0,162.0,160.0,160.0
501210,2011-04-15,Kochi Tuskers Kerala,Kochi Tuskers Kerala,1,184.0,182.0,0.0,0.5,154.5,156.5,154.5,156.5
501215,2011-04-18,Kochi Tuskers Kerala,Kochi Tuskers Kerala,1,135.0,131.0,0.3333333333333333,0.3333333333333333,164.33333333333334,165.0,164.33333333333334,165.0
501219,2011-04-20,Kochi Tuskers Kerala,Kochi Tuskers Kerala,1,132.0,126.0,0.5,0.5,157.0,156.5,157.0,156.5
501225,2011-04-24,Kochi Tuskers Kerala,Rajasthan Royals,0,109.0,111.0,0.6,0.6,152.0,150.4,152.0,150.4
501229,2011-04-27,Kochi Tuskers Kerala,Deccan Chargers,0,74.0,129.0,0.5,0.5,144.83333333333334,143.83333333333334,141.6,140.2
501233,2011-04-30,Kochi Tuskers Kerala,Delhi Daredevils,0,119.0,157.0,0.42857142857142855,0.42857142857142855,134.71428571428572,141.71428571428572,126.8,135.8
501238,2011-05-02,Kochi Tuskers Kerala,Kochi Tuskers Kerala,1,141.0,140.0,0.375,0.375,132.75,143.625,113.8,130.8
501242,2011-05-05,Kochi Tuskers Kerala,Kochi Tuskers Kerala,1,156.0,139.0,0.4444444444444444,0.4444444444444444,133.66666666666666,143.22222222222223,115.0,132.6
501247,2011-05-08,Kochi Tuskers Kerala,Royal Challengers Bangalore,0,125.0,128.0,0.5,0.5,135.9,142.8,119.8,135.2
501254,2011-05-13,Kochi Tuskers Kerala,Kings XI Punjab,0,178.0,181.0,0.45454545454545453,0.5,134.9090909090909,141.45454545454547,123.0,138.6
501258,2011-05-15,Kochi Tuskers Kerala,Kochi Tuskers Kerala,1,98.0,97.0,0.4166666666666667,0.5,138.5,144.75,143.8,149.0
501261,2011-05-18,Kochi Tuskers Kerala,Chennai Super Kings,0,141.0,152.0,0.46153846153846156,0.5,135.3846153846154,141.07692307692307,139.6,137.0
335982,2008-04-18,Kolkata Knight Riders,Kolkata Knight Riders,1,222.0,82.0,0.5,0.5,160.0,160.0,160.0,160.0
335986,2008-04-20,Kolkata Knight Riders,Kolkata Knight Riders,1,112.0,110.0,1.0,0.5,222.0,82.0,160.0,160.0
335993,2008-04-26,Kolkata Knight Riders,Chennai Super Kings,0,147.0,152.0,1.0,0.5,167.0,96.0,167.0,96.0
335997,2008-04-29,Kolkata Knight Riders,Mumbai Indians,0,137.0,138.0,0.6666666666666666,0.6666666666666666,160.33333333333334,114.66666666666667,160.33333333333334,114.66666666666667
336000,2008-05-01,Kolkata Knight Riders,Rajasthan Royals,0,151.0,196.0,0.5,0.5,154.5,120.5,154.5,120.5
336003,2008-05-03,Kolkata Knight Riders,Kings XI Punjab,0,169.0,178.0,0.4,0.4,153.8,135.6,153.8,135.6
336010,2008-05-08,Kolkata Knight Riders,Kolkata Knight Riders,1,129.0,124.0,0.3333333333333333,0.3333333333333333,156.33333333333334,142.66666666666666,143.2,154.8
336014,2008-05-11,Kolkata Knight Riders,Kolkata Knight Riders,1,204.0,181.0,0.42857142857142855,0.42857142857142855,152.42857142857142,140.0,146.6,157.6
336017,2008-05-13,Kolkata Knight Riders,Kolkata Knight Riders,1,133.0,110.0,0.5,0.5,158.875,145.125,158.0,163.4
336021,2008-05-16,Kolkata Knight Riders,Mumbai Indians,0,67.0,68.0,0.5555555555555556,0.5555555555555556,156.0,141.22222222222223,157.2,157.8
336025,2008-05-18,Kolkata Knight Riders,Chennai Super Kings,0,149.0,55.0,0.5,0.5,147.1,133.9,140.4,132.2
336027,2008-05-20,Kolkata Knight Riders,Rajasthan Royals,0,147.0,150.0,0.45454545454545453,0.4,147.27272727272728,126.72727272727273,136.4,107.6
336035,2008-05-25,Kolkata Knight Riders,Kolkata Knight Riders,1,175.0,174.0,0.4166666666666667,0.3,147.25,128.66666666666666,140.0,112.8
392184,2009-04-19,Kolkata Knight Riders,Deccan Chargers,0,101.0,104.0,0.46153846153846156,0.4,149.3846153846154,132.15384615384616,134.2,111.4
392186,2009-04-21,Kolkata Knight Riders,Kolkata Knight Riders,1,79.0,158.0,0.42857142857142855,0.4,145.92857142857142,130.14285714285714,127.8,110.2
392197,2009-04-27,Kolkata Knight Riders,Mumbai Indians,0,95.0,187.0,0.4666666666666667,0.5,141.46666666666667,132.0,130.2,128.2
392199,2009-04-29,Kolkata Knight Riders,Royal Challengers Bangalore,0,139.0,143.0,0.4375,0.5,138.5625,135.4375,119.4,154.6
392203,2009-05-01,Kolkata Knight Riders,Mumbai Indians,0,139.0,148.0,0.4117647058823529,0.4,138.58823529411765,135.88235294117646,117.8,153.2
392207,2009-05-03,Kolkata Knight Riders,Kings XI Punjab,0,153.0,154.0,0.3888888888888889,0.3,138.61111111111111,136.55555555555554,110.6,148.0
392211,2009-05-05,Kolkata Knight Riders,Delhi Daredevils,0,154.0,157.0,0.3684210526315789,0.2,139.3684210526316,137.47368421052633,121.0,158.0
392219,2009-05-10,Kolkata Knight Riders,Delhi Daredevils,0,123.0,125.0,0.35,0.2,140.1,138.45,136.0,157.8
392221,2009-05-12,Kolkata Knight Riders,Royal Challengers Bangalore,0,173.0,176.0,0.3333333333333333,0.2,139.28571428571428,137.8095238095238,141.6,145.4
392228,2009-05-16,Kolkata Knight Riders,Deccan Chargers,0,160.0,166.0,0.3181818181818182,0.2,140.8181818181818,139.54545454545453,148.4,152.0
392231,2009-05-18,Kolkata Knight Riders,Kolkata Knight Riders,1,189.0,188.0,0.30434782608695654,0.1,141.65217391304347,140.69565217391303,152.6,155.6
392233,2009-05-20,Kolkata Knight Riders,Kolkata Knight Riders,1,102.0,101.0,0.3333333333333333,0.2,143.625,142.66666666666666,159.8,162.4
419106,2010-03-12,Kolkata Knight Riders,Kolkata Knight Riders,1,161.0,150.0,0.36,0.2,141.96,141.0,149.4,151.2
419109,2010-03-14,Kolkata Knight Riders,Kolkata Knight Riders,1,136.0,135.0,0.38461538461538464,0.3,142.69230769230768,141.34615384615384,157.0,156.2
419113,2010-03-16,Kolkata Knight Riders,Chennai Super Kings,0,109.0,164.0,0.4074074074074074,0.4,142.44444444444446,141.11111111111111,149.6,148.0
419118,2010-03-20,Kolkata Knight Riders,Rajasthan Royals,0,134.0,168.0,0.39285714285714285,0.4,141.25,141.92857142857142,139.4,147.6
419122,2010-03-22,Kolkata Knight Riders,Mumbai Indians,0,155.0,156.0,0.3793103448275862,0.4,141.0,142.82758620689654,128.4,143.6
419127,2010-03-27,Kolkata Knight Riders,Kolkata Knight Riders,1,183.0,144.0,0.36666666666666664,0.4,141.46666666666667,143.26666666666668,139.0,154.6
419131,2010-03-29,Kolkata Knight Riders,Delhi Daredevils,0,137.0,177.0,0.3870967741935484,0.5,142.80645161290323,143.29032258064515,143.4,153.4
419135,2010-04-01,Kolkata Knight Riders,Kolkata Knight Riders,1,181.0,157.0,0.375,0.5,142.625,144.34375,143.6,161.8
419139,2010-04-04,Kolkata Knight Riders,Kings XI Punjab,0,200.0,204.0,0.3939393939393939,0.6,143.78787878787878,144.72727272727272,158.0,160.4
419144,2010-04-07,Kolkata Knight Riders,Kolkata Knight Riders,1,181.0,167.0,0.38235294117647056,0.5,145.44117647058823,146.47058823529412,171.2,167.6
419148,2010-04-10,Kolkata Knight Riders,Royal Challengers Bangalore,0,160.0,162.0,0.4,0.5,146.45714285714286,147.05714285714285,176.4,169.8
419153,2010-04-13,Kolkata Knight Riders,Chennai Super Kings,0,139.0,143.0,0.3888888888888889,0.4,146.83333333333334,147.47222222222223,171.8,173.4
419158,2010-04-17,Kolkata Knight Riders,Kolkata Knight Riders,1,133.0,132.0,0.3783783783783784,0.3,146.6216216216216,147.35135135135135,172.2,166.6
419161,2010-04-19,Kolkata Knight Riders,Kolkata Knight Riders,1,135.0,133.0,0.39473684210526316,0.4,146.26315789473685,146.94736842105263,162.6,161.6
501198,2011-04-08,Kolkata Knight Riders,Chennai Super Kings,0,151.0,153.0,0.41025641025641024,0.5,145.97435897435898,146.5897435897436,149.6,147.4
501203,2011-04-11,Kolkata Knight Riders,Kolkata Knight Riders,1,163.0,154.0,0.4,0.5,146.1,146.75,143.6,144.6
501209,2011-04-15,Kolkata Knight Riders,Kolkata Knight Riders,1,160.0,159.0,0.4146341463414634,0.5,146.5121951219512,146.9268292682927,144.2,143.0
501214,2011-04-17,Kolkata Knight Riders,Kolkata Knight Riders,1,85.0,81.0,0.42857142857142855,0.6,146.83333333333334,147.21428571428572,148.4,146.2
501219,2011-04-20,Kolkata Knight Riders,Kochi Tuskers Kerala,0,126.0,132.0,0.4418604651162791,0.6,145.3953488372093,145.67441860465115,138.8,136.0
501222,2011-04-22,Kolkata Knight Riders,Royal Challengers Bangalore,0,171.0,175.0,0.4318181818181818,0.6,144.95454545454547,145.36363636363637,137.0,135.8
501230,2011-04-28,Kolkata Knight Riders,Kolkata Knight Riders,1,148.0,131.0,0.4222222222222222,0.5,145.53333333333333,146.0222222222222,141.0,140.2
501234,2011-04-30,Kolkata Knight Riders,Kolkata Knight Riders,1,120.0,119.0,0.43478260869565216,0.6,145.58695652173913,145.69565217391303,138.0,135.6
501239,2011-05-03,Kolkata Knight Riders,Kolkata Knight Riders,1,169.0,149.0,0.44680851063829785,0.7,145.04255319148936,145.12765957446808,130.0,127.6
501242,2011-05-05,Kolkata Knight Riders,Kochi Tuskers Kerala,0,139.0,156.0,0.4583333333333333,0.7,145.54166666666666,145.20833333333334,146.8,141.2
501245,2011-05-07,Kolkata Knight Riders,Kolkata Knight Riders,1,61.0,114.0,0.4489795918367347,0.6,145.40816326530611,145.42857142857142,149.4,146.0
501255,2011-05-14,Kolkata Knight Riders,Royal Challengers Bangalore,0,89.0,105.0,0.46,0.7,143.72,144.8,127.4,133.8
501262,2011-05-19,Kolkata Knight Riders,Kolkata Knight Riders,1,119.0,118.0,0.45098039215686275,0.6,142.64705882352942,144.01960784313727,115.6,128.6
501267,2011-05-22,Kolkata Knight Riders,Mumbai Indians,0,175.0,178.0,0.46153846153846156,0.6,142.19230769230768,143.51923076923077,115.4,128.4
501269,2011-05-25,Kolkata Knight Riders,Mumbai Indians,0,147.0,148.0,0.4528301886792453,0.5,142.81132075471697,144.16981132075472,116.6,134.2
548307,2012-04-05,Kolkata Knight Riders,Delhi Daredevils,0,97.0,100.0,0.4444444444444444,0.5,142.88888888888889,144.24074074074073,118.2,132.6
548312,2012-04-08,Kolkata Knight Riders,Rajasthan Royals,0,142.0,164.0,0.43636363636363634,0.5,142.05454545454546,143.43636363636364,125.4,129.8
548315,2012-04-10,Kolkata Knight Riders,Kolkata Knight Riders,1,165.0,123.0,0.42857142857142855,0.4,142.05357142857142,143.80357142857142,136.0,141.6
548320,2012-04-13,Kolkata Knight Riders,Kolkata Knight Riders,1,137.0,131.0,0.43859649122807015,0.4,142.4561403508772,143.43859649122808,145.2,142.6
548323,2012-04-15,Kolkata Knight Riders,Kings XI Punjab,0,132.0,134.0,0.4482758620689655,0.4,142.36206896551724,143.22413793103448,137.6,133.2
548328,2012-04-18,Kolkata Knight Riders,Kolkata Knight Riders,1,127.0,124.0,0.4406779661016949,0.4,142.1864406779661,143.0677966101695,134.6,130.4
548335,2012-04-22,Kolkata Knight Riders,Kolkata Knight Riders,1,127.0,126.0,0.45,0.4,141.93333333333334,142.75,140.6,135.2
548344,2012-04-28,Kolkata Knight Riders,Kolkata Knight Riders,1,190.0,143.0,0.45901639344262296,0.5,141.68852459016392,142.47540983606558,137.6,127.6
548347,2012-04-30,Kolkata Knight Riders,Kolkata Knight Riders,1,140.0,139.0,0.46774193548387094,0.5,142.46774193548387,142.48387096774192,142.6,131.6
548353,2012-05-05,Kolkata Knight Riders,Kolkata Knight Riders,1,150.0,143.0,0.47619047619047616,0.6,142.42857142857142,142.42857142857142,143.2,133.2
548357,2012-05-07,Kolkata Knight Riders,Kolkata Knight Riders,1,154.0,153.0,0.484375,0.7,142.546875,142.4375,146.8,135.0
548363,2012-05-12,Kolkata Knight Riders,Mumbai Indians,0,155.0,182.0,0.49230769230769234,0.8,142.72307692307692,142.6,152.2,140.8
548368,2012-05-14,Kolkata Knight Riders,Chennai Super Kings,0,158.0,160.0,0.48484848484848486,0.8,142.9090909090909,143.1969696969697,157.8,152.0
548370,2012-05-16,Kolkata Knight Riders,Kolkata Knight Riders,1,140.0,108.0,0.47761194029850745,0.7,143.13432835820896,143.44776119402985,151.4,155.4
548375,2012-05-19,Kolkata Knight Riders,Kolkata Knight Riders,1,136.0,102.0,0.4852941176470588,0.7,143.08823529411765,142.9264705882353,151.4,149.2
548378,2012-05-22,Kolkata Knight Riders,Kolkata Knight Riders,1,162.0,144.0,0.4927536231884058,0.8,142.9855072463768,142.33333333333334,148.6,141.0
548381,2012-05-27,Kolkata Knight Riders,Kolkata Knight Riders,1,192.0,190.0,0.5,0.8,143.25714285714287,142.35714285714286,150.2,139.2
597998,2013-04-03,Kolkata Knight Riders,Kolkata Knight Riders,1,129.0,128.0,0.5070422535211268,0.8,143.94366197183098,143.0281690140845,157.6,140.8
598005,2013-04-08,Kolkata Knight Riders,Rajasthan Royals,0,125.0,144.0,0.5138888888888888,0.8,143.73611111111111,142.81944444444446,151.8,134.4
598008,2013-04-11,Kolkata Knight Riders,Royal Challengers Bangalore,0,154.0,158.0,0.5068493150684932,0.7,143.4794520547945,142.83561643835617,148.8,141.6
598013,2013-04-14,Kolkata Knight Riders,Kolkata Knight Riders,1,180.0,132.0,0.5,0.6,143.6216216216216,143.04054054054055,152.4,152.8
598016,2013-04-16,Kolkata Knight Riders,Kings XI Punjab,0,153.0,157.0,0.5066666666666667,0.6,144.10666666666665,142.89333333333335,156.0,150.4
598022,2013-04-20,Kolkata Knight Riders,Chennai Super Kings,0,119.0,124.0,0.5,0.6,144.22368421052633,143.07894736842104,148.2,143.8
598029,2013-04-24,Kolkata Knight Riders,Mumbai Indians,0,159.0,162.0,0.4935064935064935,0.6,143.8961038961039,142.83116883116884,146.2,143.0
598031,2013-04-26,Kolkata Knight Riders,Kolkata Knight Riders,1,150.0,149.0,0.48717948717948717,0.5,144.0897435897436,143.07692307692307,153.0,146.6
598034,2013-04-28,Kolkata Knight Riders,Chennai Super Kings,0,186.0,200.0,0.4936708860759494,0.5,144.16455696202533,143.15189873417722,152.2,144.8
598040,2013-05-01,Kolkata Knight Riders,Delhi Daredevils,0,136.0,137.0,0.4875,0.4,144.6875,143.8625,153.4,158.4
598043,2013-05-03,Kolkata Knight Riders,Kolkata Knight Riders,1,133.0,132.0,0.48148148148148145,0.3,144.58024691358025,143.77777777777777,150.0,154.4
598050,2013-05-07,Kolkata Knight Riders,Mumbai Indians,0,105.0,170.0,0.4878048780487805,0.3,144.4390243902439,143.6341463414634,152.8,156.0
598053,2013-05-09,Kolkata Knight Riders,Kolkata Knight Riders,1,152.0,106.0,0.4819277108433735,0.3,143.96385542168676,143.95180722891567,142.0,157.6
598057,2013-05-12,Kolkata Knight Riders,Kolkata Knight Riders,1,116.0,115.0,0.4880952380952381,0.4,144.0595238095238,143.5,142.4,149.0
598061,2013-05-15,Kolkata Knight Riders,Pune Warriors,0,163.0,170.0,0.49411764705882355,0.4,143.72941176470587,143.16470588235293,128.4,132.0
598069,2013-05-19,Kolkata Knight Riders,Sunrisers Hyderabad,0,130.0,132.0,0.4883720930232558,0.4,143.95348837209303,143.47674418604652,133.8,138.6
729279,2014-04-16,Kolkata Knight Riders,Kolkata Knight Riders,1,163.0,122.0,0.4827586206896552,0.4,143.79310344827587,143.3448275862069,133.2,138.6
729289,2014-04-19,Kolkata Knight Riders,Delhi Daredevils,0,166.0,167.0,0.48863636363636365,0.5,144.01136363636363,143.10227272727272,144.8,129.0
729299,2014-04-24,Kolkata Knight Riders,Kolkata Knight Riders,1,150.0,148.0,0.48314606741573035,0.4,144.25842696629215,143.37078651685394,147.6,141.2
729307,2014-04-26,Kolkata Knight Riders,Kings XI Punjab,0,109.0,132.0,0.4888888888888889,0.5,144.32222222222222,143.42222222222222,154.4,147.8
733971,2014-05-02,Kolkata Knight Riders,Chennai Super Kings,0,114.0,148.0,0.4835164835164835,0.5,143.93406593406593,143.2967032967033,143.6,140.2
733979,2014-05-05,Kolkata Knight Riders,Rajasthan Royals,0,160.0,170.0,0.4782608695652174,0.4,143.6086956521739,143.34782608695653,140.4,143.4
733985,2014-05-07,Kolkata Knight Riders,Kolkata Knight Riders,1,161.0,160.0,0.4731182795698925,0.4,143.78494623655914,143.63440860215053,139.8,153.0
733997,2014-05-11,Kolkata Knight Riders,Kolkata Knight Riders,1,150.0,149.0,0.4787234042553192,0.4,143.96808510638297,143.80851063829786,138.8,151.6
734009,2014-05-14,Kolkata Knight Riders,Kolkata Knight Riders,1,142.0,141.0,0.4842105263157895,0.4,144.03157894736842,143.86315789473684,138.8,151.8
734015,2014-05-18,Kolkata Knight Riders,Kolkata Knight Riders,1,146.0,142.0,0.4895833333333333,0.5,144.01041666666666,143.83333333333334,145.4,153.6
734023,2014-05-20,Kolkata Knight Riders,Kolkata Knight Riders,1,156.0,154.0,0.4948453608247423,0.6,144.03092783505156,143.81443298969072,151.8,152.4
734027,2014-05-22,Kolkata Knight Riders,Kolkata Knight Riders,1,195.0,165.0,0.5,0.6,144.1530612244898,143.91836734693877,151.0,149.2
734037,2014-05-24,Kolkata Knight Riders,Kolkata Knight Riders,1,161.0,160.0,0.5050505050505051,0.7,144.66666666666666,144.13131313131314,157.8,150.2
734043,2014-05-27,Kolkata Knight Riders,Kolkata Knight Riders,1,163.0,135.0,0.51,0.7,144.83,144.29,160.0,152.4
734049,2014-06-01,Kolkata Knight Riders,Kolkata Knight Riders,1,200.0,199.0,0.5148514851485149,0.8,145.009900990099,144.1980198019802,164.2,151.2
829705,2015-04-08,Kolkata Knight Riders,Kolkata Knight Riders,1,170.0,168.0,0.5196078431372549,0.9,145.54901960784315,144.73529411764707,175.0,162.6
829713,2015-04-11,Kolkata Knight Riders,Royal Challengers Bangalore,0,177.0,179.0,0.5242718446601942,1.0,145.7864077669903,144.96116504854368,177.8,165.4
829733,2015-04-18,Kolkata Knight Riders,Kolkata Knight Riders,1,159.0,155.0,0.5192307692307693,0.9,146.08653846153845,145.28846153846155,174.2,168.2
829739,2015-04-20,Kolkata Knight Riders,Kolkata Knight Riders,1,147.0,146.0,0.5238095238095238,0.9,146.2095238095238,145.38095238095238,173.8,167.2
829743,2015-04-22,Kolkata Knight Riders,Sunrisers Hyderabad,0,101.0,176.0,0.5283018867924528,0.9,146.21698113207546,145.38679245283018,170.6,169.4
829765,2015-04-28,Kolkata Knight Riders,Chennai Super Kings,0,132.0,134.0,0.5233644859813084,0.8,145.79439252336448,145.6728971962617,150.8,164.8
829723,2015-04-30,Kolkata Knight Riders,Kolkata Knight Riders,1,169.0,165.0,0.5185185185185185,0.7,145.66666666666666,145.5648148148148,143.2,158.0
829771,2015-05-02,Kolkata Knight Riders,Royal Challengers Bangalore,0,111.0,115.0,0.5229357798165137,0.7,145.88073394495413,145.74311926605503,141.6,155.2
829781,2015-05-04,Kolkata Knight Riders,Kolkata Knight Riders,1,167.0,132.0,0.5181818181818182,0.6,145.56363636363636,145.46363636363637,132.0,147.2
829761,2015-05-07,Kolkata Knight Riders,Kolkata Knight Riders,1,171.0,158.0,0.5225225225225225,0.6,145.75675675675674,145.34234234234233,136.0,144.4
829791,2015-05-09,Kolkata Knight Riders,Kolkata Knight Riders,1,184.0,183.0,0.5267857142857143,0.6,145.98214285714286,145.45535714285714,150.0,140.8
829805,2015-05-14,Kolkata Knight Riders,Mumbai Indians,0,166.0,171.0,0.5309734513274337,0.6,146.31858407079645,145.78761061946904,160.4,150.6
829811,2015-05-16,Kolkata Knight Riders,Rajasthan Royals,0,190.0,199.0,0.5263157894736842,0.6,146.49122807017545,146.00877192982455,159.8,151.8
980903,2016-04-10,Kolkata Knight Riders,Kolkata Knight Riders,1,99.0,98.0,0.5217391304347826,0.5,146.8695652173913,146.4695652173913,175.6,168.6
980909,2016-04-13,Kolkata Knight Riders,Mumbai Indians,0,187.0,188.0,0.5258620689655172,0.5,146.45689655172413,146.05172413793105,162.0,161.8
980915,2016-04-16,Kolkata Knight Riders,Kolkata Knight Riders,1,146.0,142.0,0.5213675213675214,0.5,146.8034188034188,146.4102564102564,165.2,167.8
980925,2016-04-19,Kolkata Knight Riders,Kolkata Knight Riders,1,141.0,138.0,0.5254237288135594,0.6,146.79661016949152,146.3728813559322,157.6,159.6
980939,2016-04-24,Kolkata Knight Riders,Kolkata Knight Riders,1,162.0,160.0,0.5294117647058824,0.6,146.74789915966386,146.30252100840337,152.6,153.0
980947,2016-04-28,Kolkata Knight Riders,Mumbai Indians,0,174.0,178.0,0.5333333333333333,0.7,146.875,146.41666666666666,147.0,145.2
980951,2016-04-30,Kolkata Knight Riders,Delhi Daredevils,0,159.0,186.0,0.5289256198347108,0.6,147.099173553719,146.67768595041323,162.0,161.2
980959,2016-05-02,Kolkata Knight Riders,Kolkata Knight Riders,1,189.0,185.0,0.5245901639344263,0.5,147.19672131147541,147.0,156.4,160.8
980963,2016-05-04,Kolkata Knight Riders,Kolkata Knight Riders,1,164.0,157.0,0.5284552845528455,0.5,147.53658536585365,147.3089430894309,165.0,169.4
980975,2016-05-08,Kolkata Knight Riders,Gujarat Lions,0,158.0,164.0,0.532258064516129,0.6,147.66935483870967,147.38709677419354,169.6,173.2
980989,2016-05-14,Kolkata Knight Riders,Kolkata Knight Riders,1,66.0,103.0,0.528,0.6,147.752,147.52,168.8,174.0
980995,2016-05-16,Kolkata Knight Riders,Royal Challengers Bangalore,0,183.0,186.0,0.5317460317460317,0.6,147.1031746031746,147.16666666666666,147.2,159.0
981001,2016-05-19,Kolkata Knight Riders,Gujarat Lions,0,124.0,125.0,0.5275590551181102,0.6,147.38582677165354,147.4724409448819,152.0,159.0
981009,2016-05-22,Kolkata Knight Riders,Kolkata Knight Riders,1,171.0,149.0,0.5234375,0.5,147.203125,147.296875,139.0,147.0
981015,2016-05-25,Kolkata Knight Riders,Sunrisers Hyderabad,0,140.0,162.0,0.5271317829457365,0.5,147.3875968992248,147.31007751937983,140.4,145.4
1082593,2017-04-07,Kolkata Knight Riders,Kolkata Knight Riders,1,184.0,183.0,0.5230769230769231,0.4,147.33076923076922,147.42307692307693,136.8,145.0
1082597,2017-04-09,Kolkata Knight Riders,Mumbai Indians,0,178.0,180.0,0.5267175572519084,0.5,147.61068702290078,147.6946564885496,160.4,161.0
1082601,2017-04-13,Kolkata Knight Riders,Kolkata Knight Riders,1,171.0,170.0,0.5227272727272727,0.5,147.8409090909091,147.93939393939394,159.4,159.8
1082604,2017-04-15,Kolkata Knight Riders,Kolkata Knight Riders,1,172.0,155.0,0.5263157894736842,0.5,148.01503759398497,148.10526315789474,168.8,168.8
1082608,2017-04-17,Kolkata Knight Riders,Kolkata Knight Riders,1,169.0,168.0,0.5298507462686567,0.5,148.19402985074626,148.15671641791045,169.0,170.0
1082613,2017-04-21,Kolkata Knight Riders,Gujarat Lions,0,187.0,188.0,0.5333333333333333,0.6,148.34814814814814,148.3037037037037,174.8,171.2
1082617,2017-04-23,Kolkata Knight Riders,Kolkata Knight Riders,1,131.0,49.0,0.5294117647058824,0.5,148.63235294117646,148.59558823529412,175.4,172.2
1082620,2017-04-26,Kolkata Knight Riders,Kolkata Knight Riders,1,184.0,182.0,0.5328467153284672,0.6,148.5036496350365,147.86861313868613,166.0,146.0
1082622,2017-04-28,Kolkata Knight Riders,Kolkata Knight Riders,1,161.0,160.0,0.5362318840579711,0.7,148.7608695652174,148.1159420289855,168.6,148.4
1082627,2017-04-30,Kolkata Knight Riders,Sunrisers Hyderabad,0,161.0,209.0,0.539568345323741,0.7,148.84892086330936,148.20143884892087,166.4,149.4
1082631,2017-05-03,Kolkata Knight Riders,Rising Pune Supergiant,0,155.0,158.0,0.5357142857142857,0.7,148.93571428571428,148.63571428571427,164.8,157.6
1082636,2017-05-07,Kolkata Knight Riders,Kolkata Knight Riders,1,159.0,158.0,0.5319148936170213,0.6,148.9787234042553,148.70212765957447,158.4,151.6
1082639,2017-05-09,Kolkata Knight Riders,Kings XI Punjab,0,153.0,167.0,0.5352112676056338,0.7,149.04929577464787,148.76760563380282,164.0,173.4
1082644,2017-05-13,Kolkata Knight Riders,Mumbai Indians,0,164.0,173.0,0.5314685314685315,0.6,149.07692307692307,148.8951048951049,157.8,170.4
1082648,2017-05-17,Kolkata Knight Riders,Kolkata Knight Riders,1,48.0,128.0,0.5277777777777778,0.5,149.18055555555554,149.0625,158.4,173.0
1082649,2017-05-19,Kolkata Knight Riders,Mumbai Indians,0,107.0,111.0,0.5310344827586206,0.5,148.48275862068965,148.91724137931035,135.8,156.8
1136563,2018-04-08,Kolkata Knight Riders,Kolkata Knight Riders,1,177.0,176.0,0.5273972602739726,0.5,148.1986301369863,148.65753424657535,126.2,147.4
1136565,2018-04-10,Kolkata Knight Riders,Chennai Super Kings,0,202.0,205.0,0.5306122448979592,0.5,148.39455782312925,148.843537414966,129.8,151.0
1136570,2018-04-14,Kolkata Knight Riders,Sunrisers Hyderabad,0,138.0,139.0,0.527027027027027,0.4,148.75675675675674,149.22297297297297,139.6,158.6
1136573,2018-04-16,Kolkata Knight Riders,Kolkata Knight Riders,1,200.0,129.0,0.5234899328859061,0.3,148.68456375838926,149.15436241610738,134.4,151.8
1136575,2018-04-18,Kolkata Knight Riders,Kolkata Knight Riders,1,163.0,160.0,0.5266666666666666,0.4,149.02666666666667,149.02,164.8,152.0
1136578,2018-04-21,Kolkata Knight Riders,Kings XI Punjab,0,191.0,126.0,0.5298013245033113,0.5,149.11920529801324,149.09271523178808,176.0,161.8
1136586,2018-04-27,Kolkata Knight Riders,Delhi Daredevils,0,164.0,219.0,0.5263157894736842,0.4,149.39473684210526,148.94078947368422,178.8,151.8
1136589,2018-04-29,Kolkata Knight Riders,Kolkata Knight Riders,1,176.0,175.0,0.5228758169934641,0.4,149.49019607843138,149.3986928104575,171.2,154.6
1136593,2018-05-03,Kolkata Knight Riders,Kolkata Knight Riders,1,180.0,177.0,0.525974025974026,0.5,149.66233766233765,149.56493506493507,178.8,161.8
1136597,2018-05-06,Kolkata Knight Riders,Mumbai Indians,0,168.0,181.0,0.5290322580645161,0.5,149.85806451612902,149.74193548387098,174.8,171.4
1136601,2018-05-09,Kolkata Knight Riders,Mumbai Indians,0,108.0,210.0,0.5256410256410257,0.5,149.97435897435898,149.94230769230768,175.8,175.6
1136604,2018-05-12,Kolkata Knight Riders,Kolkata Knight Riders,1,245.0,214.0,0.5222929936305732,0.4,149.70700636942675,150.3248407643312,159.2,192.4
1136609,2018-05-15,Kolkata Knight Riders,Kolkata Knight Riders,1,145.0,142.0,0.5253164556962026,0.5,150.31012658227849,150.72784810126583,175.4,191.4
1136614,2018-05-19,Kolkata Knight Riders,Kolkata Knight Riders,1,173.0,172.0,0.5283018867924528,0.6,150.27672955974842,150.67295597484278,169.2,184.8
1136618,2018-05-23,Kolkata Knight Riders,Kolkata Knight Riders,1,169.0,144.0,0.53125,0.6,150.41875,150.80625,167.8,183.8
1136619,2018-05-25,Kolkata Knight Riders,Sunrisers Hyderabad,0,160.0,174.0,0.5341614906832298,0.6,150.53416149068323,150.7639751552795,168.0,176.4
1175357,2019-03-24,Kolkata Knight Riders,Kolkata Knight Riders,1,183.0,181.0,0.5308641975308642,0.6,150.59259259259258,150.90740740740742,178.4,169.2
1175361,2019-03-27,Kolkata Knight Riders,Kolkata Knight Riders,1,218.0,190.0,0.5337423312883436,0.7,150.7914110429448,151.09202453987731,166.0,162.6
1175372,2019-04-05,Kolkata Knight Riders,Kolkata Knight Riders,1,206.0,205.0,0.5365853658536586,0.7,151.2012195121951,151.32926829268294,180.6,172.2
1178396,2019-04-07,Kolkata Knight Riders,Kolkata Knight Riders,1,140.0,139.0,0.5393939393939394,0.7,151.53333333333333,151.65454545454546,187.2,178.8
1178398,2019-04-09,Kolkata Knight Riders,Chennai Super Kings,0,108.0,111.0,0.5421686746987951,0.8,151.46385542168676,151.57831325301206,181.4,177.8
1178401,2019-04-12,Kolkata Knight Riders,Delhi Capitals,0,178.0,180.0,0.5389221556886228,0.8,151.20359281437126,151.33532934131736,171.0,165.2
1178404,2019-04-14,Kolkata Knight Riders,Chennai Super Kings,0,161.0,162.0,0.5357142857142857,0.7,151.36309523809524,151.50595238095238,170.0,165.0
1178410,2019-04-19,Kolkata Knight Riders,Royal Challengers Bangalore,0,203.0,213.0,0.5325443786982249,0.6,151.42011834319527,151.5680473372781,158.6,159.4
1178413,2019-04-21,Kolkata Knight Riders,Sunrisers Hyderabad,0,159.0,161.0,0.5294117647058824,0.5,151.7235294117647,151.9294117647059,158.0,161.0
1178418,2019-04-25,Kolkata Knight Riders,Rajasthan Royals,0,175.0,177.0,0.5263157894736842,0.4,151.76608187134502,151.98245614035088,161.8,165.4
1178422,2019-04-28,Kolkata Knight Riders,Kolkata Knight Riders,1,232.0,198.0,0.5232558139534884,0.4,151.90116279069767,152.12790697674419,175.2,178.6
1178427,2019-05-03,Kolkata Knight Riders,Kolkata Knight Riders,1,185.0,183.0,0.5260115606936416,0.4,152.364161849711,152.39306358381504,186.0,182.2
1178431,2019-05-05,Kolkata Knight Riders,Mumbai Indians,0,133.0,134.0,0.5287356321839081,0.4,152.55172413793105,152.56896551724137,190.8,186.4
1216508,2020-09-23,Kolkata Knight Riders,Mumbai Indians,0,146.0,195.0,0.5257142857142857,0.3,152.44,152.46285714285713,176.8,170.6
1216545,2020-09-26,Kolkata Knight Riders,Kolkata Knight Riders,1,145.0,142.0,0.5227272727272727,0.2,152.4034090909091,152.70454545454547,174.2,177.4
1216504,2020-09-30,Kolkata Knight Riders,Kolkata Knight Riders,1,174.0,137.0,0.5254237288135594,0.3,152.36158192090394,152.64406779661016,168.2,170.4
1216515,2020-10-03,Kolkata Knight Riders,Delhi Capitals,0,210.0,228.0,0.5280898876404494,0.4,152.48314606741573,152.5561797752809,156.6,158.2
1216501,2020-10-07,Kolkata Knight Riders,Kolkata Knight Riders,1,167.0,157.0,0.5251396648044693,0.4,152.80446927374302,152.9776536312849,161.6,167.2
1216523,2020-10-10,Kolkata Knight Riders,Kolkata Knight Riders,1,164.0,162.0,0.5277777777777778,0.5,152.88333333333333,153.0,168.4,171.8
1216540,2020-10-12,Kolkata Knight Riders,Royal Challengers Bangalore,0,112.0,194.0,0.5303867403314917,0.6,152.94475138121547,153.04972375690608,172.0,165.2
1216526,2020-10-16,Kolkata Knight Riders,Mumbai Indians,0,148.0,149.0,0.5274725274725275,0.6,152.71978021978023,153.27472527472528,165.4,175.6
1216494,2020-10-21,Kolkata Knight Riders,Royal Challengers Bangalore,0,84.0,85.0,0.5245901639344263,0.5,152.69398907103826,153.2513661202186,160.2,178.0
1216497,2020-10-24,Kolkata Knight Riders,Kolkata Knight Riders,1,194.0,135.0,0.5217391304347826,0.4,152.32065217391303,152.8804347826087,135.0,149.4
1216520,2020-10-26,Kolkata Knight Riders,Kings XI Punjab,0,149.0,150.0,0.5243243243243243,0.5,152.54594594594596,152.78378378378378,140.4,145.0
1216536,2020-10-29,Kolkata Knight Riders,Chennai Super Kings,0,172.0,178.0,0.521505376344086,0.5,152.5268817204301,152.7688172043011,137.4,142.6
1216530,2020-11-01,Kolkata Knight Riders,Kolkata Knight Riders,1,191.0,131.0,0.5187165775401069,0.4,152.63101604278074,152.90374331550802,149.4,139.4
1254060,2021-04-11,Kolkata Knight Riders,Kolkata Knight Riders,1,187.0,177.0,0.5212765957446809,0.4,152.83510638297872,152.7872340425532,158.0,135.8
1254062,2021-04-13,Kolkata Knight Riders,Mumbai Indians,0,142.0,152.0,0.5238095238095238,0.5,153.015873015873,152.91534391534393,178.6,154.2
1254067,2021-04-18,Kolkata Knight Riders,Royal Challengers Bangalore,0,166.0,204.0,0.5210526315789473,0.4,152.9578947368421,152.91052631578947,168.2,157.6
1254072,2021-04-21,Kolkata Knight Riders,Chennai Super Kings,0,202.0,220.0,0.518324607329843,0.3,153.0261780104712,153.17801047120417,171.6,168.4
1254075,2021-04-24,Kolkata Knight Riders,Rajasthan Royals,0,133.0,134.0,0.515625,0.3,153.28125,153.52604166666666,177.6,176.8
1254078,2021-04-26,Kolkata Knight Riders,Kolkata Knight Riders,1,126.0,123.0,0.5129533678756477,0.3,153.1761658031088,153.42487046632124,166.0,177.4
1254082,2021-04-29,Kolkata Knight Riders,Delhi Capitals,0,154.0,156.0,0.5154639175257731,0.4,153.03608247422682,153.2680412371134,153.8,166.6
1254087,2021-09-20,Kolkata Knight Riders,Kolkata Knight Riders,1,94.0,92.0,0.5128205128205128,0.3,153.04102564102564,153.28205128205127,156.2,167.4
1254096,2021-09-23,Kolkata Knight Riders,Kolkata Knight Riders,1,159.0,155.0,0.5153061224489796,0.4,152.73979591836735,152.96938775510205,141.8,145.0
1254098,2021-09-26,Kolkata Knight Riders,Chennai Super Kings,0,171.0,172.0,0.5177664974619289,0.5,152.7715736040609,152.9796954314721,133.2,132.0
1254092,2021-09-28,Kolkata Knight Riders,Kolkata Knight Riders,1,130.0,127.0,0.5151515151515151,0.4,152.86363636363637,153.07575757575756,140.8,139.6
1254102,2021-10-01,Kolkata Knight Riders,Punjab Kings,0,165.0,168.0,0.5175879396984925,0.4,152.74874371859298,152.94472361809045,141.6,140.4
1254109,2021-10-03,Kolkata Knight Riders,Kolkata Knight Riders,1,119.0,115.0,0.515,0.4,152.81,153.02,143.8,142.8
1254106,2021-10-07,Kolkata Knight Riders,Kolkata Knight Riders,1,171.0,85.0,0.5174129353233831,0.5,152.6417910447761,152.83084577114428,148.8,147.4
1254115,2021-10-11,Kolkata Knight Riders,Kolkata Knight Riders,1,139.0,138.0,0.5198019801980198,0.6,152.73267326732673,152.4950495049505,151.2,133.4
1254116,2021-10-13,Kolkata Knight Riders,Kolkata Knight Riders,1,136.0,135.0,0.5221674876847291,0.7,152.66502463054186,152.42364532019704,144.8,126.6
1254117,2021-10-15,Kolkata Knight Riders,Chennai Super Kings,0,165.0,192.0,0.5245098039215687,0.7,152.58333333333334,152.33823529411765,146.0,128.2
1304047,2022-03-26,Kolkata Knight Riders,Kolkata Knight Riders,1,133.0,131.0,0.5219512195121951,0.7,152.6439024390244,152.53170731707317,146.0,133.0
1304052,2022-03-30,Kolkata Knight Riders,Royal Challengers Bangalore,0,128.0,132.0,0.5242718446601942,0.7,152.54854368932038,152.4271844660194,148.8,136.2
1304054,2022-04-01,Kolkata Knight Riders,Kolkata Knight Riders,1,141.0,137.0,0.5217391304347826,0.6,152.42995169082127,152.32850241545893,140.2,145.6
1304060,2022-04-06,Kolkata Knight Riders,Kolkata Knight Riders,1,162.0,161.0,0.5240384615384616,0.7,152.375,152.25480769230768,140.6,145.4
1304065,2022-04-10,Kolkata Knight Riders,Delhi Capitals,0,171.0,215.0,0.5263157894736842,0.7,152.42105263157896,152.29665071770336,145.8,150.6
1304071,2022-04-15,Kolkata Knight Riders,Sunrisers Hyderabad,0,175.0,176.0,0.5238095238095238,0.7,152.5095238095238,152.5952380952381,147.0,155.2
1304076,2022-04-18,Kolkata Knight Riders,Rajasthan Royals,0,210.0,217.0,0.5213270142180095,0.6,152.61611374407582,152.70616113744074,155.4,164.2
1304081,2022-04-23,Kolkata Knight Riders,Gujarat Titans,0,148.0,156.0,0.5188679245283019,0.5,152.88679245283018,153.00943396226415,171.8,181.2
1304087,2022-04-28,Kolkata Knight Riders,Delhi Capitals,0,146.0,150.0,0.5164319248826291,0.4,152.8638497652582,153.02347417840375,173.2,185.0
1304093,2022-05-02,Kolkata Knight Riders,Kolkata Knight Riders,1,158.0,152.0,0.514018691588785,0.3,152.83177570093457,153.00934579439252,170.0,182.8
1304099,2022-05-07,Kolkata Knight Riders,Lucknow Super Giants,0,101.0,176.0,0.5162790697674419,0.4,152.85581395348837,153.0046511627907,167.4,170.2
1304102,2022-05-09,Kolkata Knight Riders,Kolkata Knight Riders,1,165.0,113.0,0.5138888888888888,0.3,152.61574074074073,153.11111111111111,152.6,170.2
1304107,2022-05-14,Kolkata Knight Riders,Kolkata Knight Riders,1,177.0,123.0,0.5161290322580645,0.4,152.67281105990784,152.926267281106,143.6,149.4
1304112,2022-05-18,Kolkata Knight Riders,Lucknow Super Giants,0,208.0,210.0,0.518348623853211,0.4,152.78440366972478,152.78899082568807,149.4,142.8
1359476,2023-04-01,Kolkata Knight Riders,Punjab Kings,0,146.0,191.0,0.5159817351598174,0.3,153.0365296803653,153.0502283105023,161.8,154.8
1359483,2023-04-06,Kolkata Knight Riders,Kolkata Knight Riders,1,204.0,123.0,0.5136363636363637,0.3,153.00454545454545,153.22272727272727,159.4,162.6
1359487,2023-04-09,Kolkata Knight Riders,Kolkata Knight Riders,1,207.0,204.0,0.5158371040723982,0.4,153.23529411764707,153.08597285067873,180.0,152.0
1359493,2023-04-14,Kolkata Knight Riders,Sunrisers Hyderabad,0,205.0,228.0,0.5180180180180181,0.5,153.47747747747746,153.3153153153153,188.4,170.2
1359496,2023-04-16,Kolkata Knight Riders,Mumbai Indians,0,185.0,186.0,0.515695067264574,0.5,153.7085201793722,153.65022421524662,194.0,191.2
1359502,2023-04-20,Kolkata Knight Riders,Delhi Capitals,0,127.0,128.0,0.5133928571428571,0.5,153.84821428571428,153.79464285714286,189.4,186.4
1359507,2023-04-23,Kolkata Knight Riders,Chennai Super Kings,0,186.0,235.0,0.5111111111111111,0.4,153.7288888888889,153.68,185.6,173.8
1359510,2023-04-26,Kolkata Knight Riders,Kolkata Knight Riders,1,200.0,179.0,0.5088495575221239,0.4,153.8716814159292,154.03982300884957,182.0,196.2
1359513,2023-04-29,Kolkata Knight Riders,Gujarat Titans,0,179.0,180.0,0.5110132158590308,0.4,154.07488986784142,154.1497797356828,180.6,191.2
1359521,2023-05-04,Kolkata Knight Riders,Kolkata Knight Riders,1,171.0,166.0,0.5087719298245614,0.3,154.18421052631578,154.26315789473685,175.4,181.6
1359527,2023-05-08,Kolkata Knight Riders,Kolkata Knight Riders,1,182.0,179.0,0.5109170305676856,0.4,154.25764192139738,154.31441048034935,172.6,177.6
1359530,2023-05-11,Kolkata Knight Riders,Rajasthan Royals,0,149.0,151.0,0.5130434782608696,0.5,154.37826086956522,154.4217391304348,183.6,187.8
1359535,2023-05-14,Kolkata Knight Riders,Kolkata Knight Riders,1,147.0,144.0,0.5108225108225108,0.4,154.35497835497836,154.4069264069264,176.2,171.0
1359542,2023-05-20,Kolkata Knight Riders,Lucknow Super Giants,0,175.0,176.0,0.5129310344827587,0.4,154.32327586206895,154.36206896551724,165.6,164.0
1422121,2024-03-23,Kolkata Knight Riders,Kolkata Knight Riders,1,,,0.5107296137339056,0.4,154.41201716738198,154.4549356223176,164.8,163.2
1422128,2024-03-29,Kolkata Knight Riders,Kolkata Knight Riders,1,,,0.5128205128205128,0.5,154.41201716738198,154.4549356223176,163.25,162.5
1422134,2024-04-03,Kolkata Knight Riders,Kolkata Knight Riders,1,,,0.5148936170212766,0.6,154.41201716738198,154.4549356223176,157.0,157.0
1426260,2024-04-08,Kolkata Knight Riders,Chennai Super Kings,0,,,0.5169491525423728,0.7,154.41201716738198,154.4549356223176,161.0,160.0
1426266,2024-04-14,Kolkata Knight Riders,Kolkata Knight Riders,1,,,0.5147679324894515,0.6,154.41201716738198,154.4549356223176,160.0,160.0
1426269,2024-04-16,Kolkata Knight Riders,Rajasthan Royals,0,,,0.5168067226890757,0.7,154.41201716738198,154.4549356223176,160.0,160.0
1426274,2024-04-21,Kolkata Knight Riders,Kolkata Knight Riders,1,,,0.5146443514644351,0.6,154.41201716738198,154.4549356223176,160.0,160.0
1426280,2024-04-26,Kolkata Knight Riders,Punjab Kings,0,,,0.5166666666666667,0.6,154.41201716738198,154.4549356223176,160.0,160.0
1426285,2024-04-29,Kolkata Knight Riders,Kolkata Knight Riders,1,,,0.5145228215767634,0.6,154.41201716738198,154.4549356223176,160.0,160.0
1426289,2024-05-03,Kolkata Knight Riders,Kolkata Knight Riders,1,,,0.5165289256198347,0.6,154.41201716738198,154.4549356223176,160.0,160.0
1426292,2024-05-05,Kolkata Knight Riders,Kolkata Knight Riders,1,,,0.5185185185185185,0.7,154.41201716738198,154.4549356223176,160.0,160.0
1426298,2024-05-11,Kolkata Knight Riders,Kolkata Knight Riders,1,,,0.5204918032786885,0.7,154.41201716738198,154.4549356223176,160.0,160.0
1426309,2024-05-21,Kolkata Knight Riders,Kolkata Knight Riders,1,,,0.5224489795918368,0.7,154.41201716738198,154.4549356223176,160.0,160.0
1426312,2024-05-26,Kolkata Knight Riders,Kolkata Knight Riders,1,,,0.524390243902439,0.7,154.41201716738198,154.4549356223176,160.0,160.0
1473438,2025-03-22,Kolkata Knight Riders,Royal Challengers Bengaluru,0,,,0.5263157894736842,0.8,154.41201716738198,154.4549356223176,160.0,160.0
1473443,2025-03-26,Kolkata Knight Riders,Kolkata Knight Riders,1,,,0.5241935483870968,0.7,154.41201716738198,154.4549356223176,160.0,160.0
1473449,2025-03-31,Kolkata Knight Riders,Mumbai Indians,0,,,0.5261044176706827,0.8,154.41201716738198,154.4549356223176,160.0,160.0
1473452,2025-04-03,Kolkata Knight Riders,Kolkata Knight Riders,1,,,0.524,0.7,154.41201716738198,154.4549356223176,160.0,160.0
1473456,2025-04-08,Kolkata Knight Riders,Lucknow Super Giants,0,,,0.5258964143426295,0.8,154.41201716738198,154.4549356223176,160.0,160.0
1473462,2025-04-11,Kolkata Knight Riders,Kolkata Knight Riders,1,,,0.5238095238095238,0.7,154.41201716738198,154.4549356223176,160.0,160.0
1473468,2025-04-15,Kolkata Knight Riders,Punjab Kings,0,,,0.525691699604743,0.7,154.41201716738198,154.4549356223176,160.0,160.0
1473476,2025-04-21,Kolkata Knight Riders,Gujarat Titans,0,,,0.5236220472440944,0.6,154.41201716738198,154.4549356223176,160.0,160.0
1473485,2025-04-29,Kolkata Knight Riders,Kolkata Knight Riders,1,,,0.5215686274509804,0.5,154.41201716738198,154.4549356223176,160.0,160.0
1473490,2025-05-04,Kolkata Knight Riders,Kolkata Knight Riders,1,,,0.5234375,0.5,154.41201716738198,154.4549356223176,160.0,160.0
1473494,2025-05-07,Kolkata Knight Riders,Chennai Super Kings,0,,,0.5252918287937743,0.5,154.41201716738198,154.4549356223176,160.0,160.0
1473505,2025-05-25,Kolkata Knight Riders,Sunrisers Hyderabad,0,,,0.5232558139534884,0.5,154.41201716738198,154.4549356223176,160.0,160.0
1304050,2022-03-28,Lucknow Super Giants,Gujarat Titans,0,158.0,161.0,0.5,0.5,160.0,160.0,160.0,160.0
1304053,2022-03-31,Lucknow Super Giants,Lucknow Super Giants,1,211.0,210.0,0.0,0.5,158.0,161.0,160.0,160.0
1304058,2022-04-04,Lucknow Super Giants,Lucknow Super Giants,1,169.0,157.0,0.5,0.5,184.5,185.5,184.5,185.5
1304061,2022-04-07,Lucknow Super Giants,Lucknow Super Giants,1,155.0,149.0,0.6666666666666666,0.6666666666666666,179.33333333333334,176.0,179.33333333333334,176.0
1304066,2022-04-10,Lucknow Super Giants,Rajasthan Royals,0,162.0,165.0,0.75,0.75,173.25,169.25,173.25,169.25
1304072,2022-04-16,Lucknow Super Giants,Lucknow Super Giants,1,199.0,181.0,0.6,0.6,171.0,168.4,171.0,168.4
1304077,2022-04-19,Lucknow Super Giants,Royal Challengers Bangalore,0,163.0,181.0,0.6666666666666666,0.6666666666666666,175.66666666666666,170.5,179.2,172.4
1304083,2022-04-24,Lucknow Super Giants,Lucknow Super Giants,1,168.0,132.0,0.5714285714285714,0.5714285714285714,173.85714285714286,172.0,169.6,166.6
1304088,2022-04-29,Lucknow Super Giants,Lucknow Super Giants,1,153.0,133.0,0.625,0.625,173.125,167.0,169.4,161.6
1304091,2022-05-01,Lucknow Super Giants,Lucknow Super Giants,1,195.0,189.0,0.6666666666666666,0.6666666666666666,170.88888888888889,163.22222222222223,169.0,158.4
1304099,2022-05-07,Lucknow Super Giants,Lucknow Super Giants,1,176.0,101.0,0.7,0.7,173.3,165.8,175.6,163.2
1304103,2022-05-10,Lucknow Super Giants,Gujarat Titans,0,82.0,144.0,0.7272727272727273,0.8,173.54545454545453,159.9090909090909,171.0,147.2
1304109,2022-05-15,Lucknow Super Giants,Rajasthan Royals,0,154.0,178.0,0.6666666666666666,0.7,165.91666666666666,158.58333333333334,154.8,139.8
1304112,2022-05-18,Lucknow Super Giants,Lucknow Super Giants,1,210.0,208.0,0.6153846153846154,0.6,165.0,160.07692307692307,152.0,149.0
1312198,2022-05-25,Lucknow Super Giants,Royal Challengers Bangalore,0,193.0,207.0,0.6428571428571429,0.6,168.21428571428572,163.5,163.4,164.0
1359477,2023-04-01,Lucknow Super Giants,Lucknow Super Giants,1,193.0,143.0,0.6,0.6,169.86666666666667,166.4,163.0,167.6
1359480,2023-04-03,Lucknow Super Giants,Chennai Super Kings,0,205.0,217.0,0.625,0.6,171.3125,164.9375,166.4,176.0
1359484,2023-04-07,Lucknow Super Giants,Lucknow Super Giants,1,127.0,121.0,0.5882352941176471,0.6,173.2941176470588,168.0,191.0,190.6
1359489,2023-04-10,Lucknow Super Giants,Lucknow Super Giants,1,213.0,212.0,0.6111111111111112,0.6,170.72222222222223,165.38888888888889,185.6,179.2
1359495,2023-04-15,Lucknow Super Giants,Punjab Kings,0,159.0,161.0,0.631578947368421,0.6,172.94736842105263,167.8421052631579,186.2,180.0
1359500,2023-04-19,Lucknow Super Giants,Lucknow Super Giants,1,154.0,144.0,0.6,0.5,172.25,167.5,179.4,170.8
1359504,2023-04-22,Lucknow Super Giants,Gujarat Titans,0,128.0,135.0,0.6190476190476191,0.5,171.38095238095238,166.38095238095238,171.6,171.0
1359512,2023-04-28,Lucknow Super Giants,Lucknow Super Giants,1,257.0,201.0,0.5909090909090909,0.5,169.4090909090909,164.95454545454547,156.2,154.6
1359517,2023-05-01,Lucknow Super Giants,Royal Challengers Bangalore,0,108.0,126.0,0.6086956521739131,0.6,173.2173913043478,166.52173913043478,182.2,170.6
1359525,2023-05-07,Lucknow Super Giants,Gujarat Titans,0,171.0,227.0,0.5833333333333334,0.5,170.5,164.83333333333334,161.2,153.4
1359532,2023-05-13,Lucknow Super Giants,Lucknow Super Giants,1,185.0,182.0,0.56,0.5,170.52,167.32,163.6,166.6
1359537,2023-05-16,Lucknow Super Giants,Lucknow Super Giants,1,177.0,172.0,0.5769230769230769,0.5,171.07692307692307,167.8846153846154,169.8,174.2
1359542,2023-05-20,Lucknow Super Giants,Lucknow Super Giants,1,176.0,175.0,0.5925925925925926,0.6,171.2962962962963,168.03703703703704,179.6,181.6
1370351,2023-05-24,Lucknow Super Giants,Mumbai Indians,0,101.0,182.0,0.6071428571428571,0.6,171.46428571428572,168.28571428571428,163.4,176.4
1422122,2024-03-24,Lucknow Super Giants,Rajasthan Royals,0,,,0.5862068965517241,0.5,169.0344827586207,168.75862068965517,162.0,187.6
1422129,2024-03-30,Lucknow Super Giants,Lucknow Super Giants,1,,,0.5666666666666667,0.5,169.0344827586207,168.75862068965517,159.75,177.75
1422133,2024-04-02,Lucknow Super Giants,Lucknow Super Giants,1,,,0.5806451612903226,0.5,169.0344827586207,168.75862068965517,151.33333333333334,176.33333333333334
1422139,2024-04-07,Lucknow Super Giants,Lucknow Super Giants,1,,,0.59375,0.6,169.0344827586207,168.75862068965517,138.5,178.5
1426264,2024-04-12,Lucknow Super Giants,Delhi Capitals,0,,,0.6060606060606061,0.6,169.0344827586207,168.75862068965517,160.0,160.0
1426266,2024-04-14,Lucknow Super Giants,Kolkata Knight Riders,0,,,0.5882352941176471,0.6,169.0344827586207,168.75862068965517,160.0,160.0
1426272,2024-04-19,Lucknow Super Giants,Lucknow Super Giants,1,,,0.5714285714285714,0.6,169.0344827586207,168.75862068965517,160.0,160.0
1426277,2024-04-23,Lucknow Super Giants,Lucknow Super Giants,1,,,0.5833333333333334,0.6,169.0344827586207,168.75862068965517,160.0,160.0
1426282,2024-04-27,Lucknow Super Giants,Rajasthan Royals,0,,,0.5945945945945946,0.6,169.0344827586207,168.75862068965517,160.0,160.0
1426286,2024-04-30,Lucknow Super Giants,Lucknow Super Giants,1,,,0.5789473684210527,0.5,169.0344827586207,168.75862068965517,160.0,160.0
1426292,2024-05-05,Lucknow Super Giants,Kolkata Knight Riders,0,,,0.5897435897435898,0.6,169.0344827586207,168.75862068965517,160.0,160.0
1426295,2024-05-08,Lucknow Super Giants,Sunrisers Hyderabad,0,,,0.575,0.6,169.0344827586207,168.75862068965517,160.0,160.0
1426302,2024-05-14,Lucknow Super Giants,Delhi Capitals,0,,,0.5609756097560976,0.5,169.0344827586207,168.75862068965517,160.0,160.0
1426305,2024-05-17,Lucknow Super Giants,Lucknow Super Giants,1,,,0.5476190476190477,0.4,169.0344827586207,168.75862068965517,160.0,160.0
1473441,2025-03-24,Lucknow Super Giants,Delhi Capitals,0,,,0.5581395348837209,0.4,169.0344827586207,168.75862068965517,160.0,160.0
1473444,2025-03-27,Lucknow Super Giants,Lucknow Super Giants,1,,,0.5454545454545454,0.4,169.0344827586207,168.75862068965517,160.0,160.0
1473450,2025-04-01,Lucknow Super Giants,Punjab Kings,0,,,0.5555555555555556,0.5,169.0344827586207,168.75862068965517,160.0,160.0
1473453,2025-04-04,Lucknow Super Giants,Lucknow Super Giants,1,,,0.5434782608695652,0.4,169.0344827586207,168.75862068965517,160.0,160.0
1473456,2025-04-08,Lucknow Super Giants,Lucknow Super Giants,1,,,0.5531914893617021,0.4,169.0344827586207,168.75862068965517,160.0,160.0
1473463,2025-04-12,Lucknow Super Giants,Lucknow Super Giants,1,,,0.5625,0.5,169.0344827586207,168.75862068965517,160.0,160.0
1473467,2025-04-14,Lucknow Super Giants,Chennai Super Kings,0,,,0.5714285714285714,0.5,169.0344827586207,168.75862068965517,160.0,160.0
1473473,2025-04-19,Lucknow Super Giants,Lucknow Super Giants,1,,,0.56,0.5,169.0344827586207,168.75862068965517,160.0,160.0
1473477,2025-04-22,Lucknow Super Giants,Delhi Capitals,0,,,0.5686274509803921,0.6,169.0344827586207,168.75862068965517,160.0,160.0
1473482,2025-04-27,Lucknow Super Giants,Mumbai Indians,0,,,0.5576923076923077,0.6,169.0344827586207,168.75862068965517,160.0,160.0
1473491,2025-05-04,Lucknow Super Giants,Punjab Kings,0,,,0.5471698113207547,0.5,169.0344827586207,168.75862068965517,160.0,160.0
1473499,2025-05-19,Lucknow Super Giants,Sunrisers Hyderabad,0,,,0.5370370370370371,0.5,169.0344827586207,168.75862068965517,160.0,160.0
1473502,2025-05-22,Lucknow Super Giants,Lucknow Super Giants,1,,,0.5272727272727272,0.4,169.0344827586207,168.75862068965517,160.0,160.0
1473507,2025-05-27,Lucknow Super Giants,Royal Challengers Bengaluru,0,,,0.5357142857142857,0.5,169.0344827586207,168.75862068965517,160.0,160.0
335985,2008-04-20,Mumbai Indians,Royal Challengers Bangalore,0,165.0,166.0,0.5,0.5,160.0,160.0,160.0,160.0
335989,2008-04-23,Mumbai Indians,Chennai Super Kings,0,202.0,208.0,0.0,0.5,165.0,166.0,160.0,160.0
335991,2008-04-25,Mumbai Indians,Kings XI Punjab,0,116.0,182.0,0.0,0.5,183.5,187.0,183.5,187.0
335994,2008-04-27,Mumbai Indians,Deccan Chargers,0,154.0,155.0,0.0,0.0,161.0,185.33333333333334,161.0,185.33333333333334
335997,2008-04-29,Mumbai Indians,Mumbai Indians,1,138.0,137.0,0.0,0.0,159.25,177.75,159.25,177.75
336004,2008-05-04,Mumbai Indians,Mumbai Indians,1,162.0,133.0,0.2,0.2,155.0,169.6,155.0,169.6
336008,2008-05-07,Mumbai Indians,Mumbai Indians,1,104.0,103.0,0.3333333333333333,0.3333333333333333,156.16666666666666,163.5,154.4,163.0
336018,2008-05-14,Mumbai Indians,Mumbai Indians,1,158.0,156.0,0.42857142857142855,0.42857142857142855,148.71428571428572,154.85714285714286,134.8,142.0
336021,2008-05-16,Mumbai Indians,Mumbai Indians,1,68.0,67.0,0.5,0.5,149.875,155.0,143.2,136.8
336024,2008-05-18,Mumbai Indians,Mumbai Indians,1,178.0,153.0,0.5555555555555556,0.5555555555555556,140.77777777777777,145.22222222222223,126.0,119.2
336028,2008-05-21,Mumbai Indians,Kings XI Punjab,0,188.0,189.0,0.6,0.6,144.5,146.0,134.0,122.4
336032,2008-05-24,Mumbai Indians,Delhi Daredevils,0,176.0,179.0,0.5454545454545454,0.6,148.45454545454547,149.9090909090909,139.2,133.6
336036,2008-05-26,Mumbai Indians,Rajasthan Royals,0,145.0,146.0,0.5,0.6,150.75,152.33333333333334,153.6,148.8
336012,2008-05-28,Mumbai Indians,Mumbai Indians,1,126.0,122.0,0.46153846153846156,0.6,150.30769230769232,151.84615384615384,151.0,146.8
392181,2009-04-18,Mumbai Indians,Mumbai Indians,1,165.0,146.0,0.5,0.7,148.57142857142858,149.71428571428572,162.6,157.8
392192,2009-04-25,Mumbai Indians,Deccan Chargers,0,156.0,168.0,0.5333333333333333,0.7,149.66666666666666,149.46666666666667,160.0,156.4
392197,2009-04-27,Mumbai Indians,Mumbai Indians,1,187.0,95.0,0.5,0.6,150.0625,150.625,153.6,152.2
392200,2009-04-29,Mumbai Indians,Kings XI Punjab,0,116.0,119.0,0.5294117647058824,0.6,152.23529411764707,147.35294117647058,155.8,135.4
392203,2009-05-01,Mumbai Indians,Mumbai Indians,1,148.0,139.0,0.5,0.5,150.22222222222223,145.77777777777777,150.0,130.0
392208,2009-05-03,Mumbai Indians,Royal Challengers Bangalore,0,149.0,150.0,0.5263157894736842,0.5,150.10526315789474,145.42105263157896,154.4,133.4
392212,2009-05-06,Mumbai Indians,Deccan Chargers,0,126.0,145.0,0.5,0.4,150.05,145.65,151.2,134.2
392215,2009-05-08,Mumbai Indians,Delhi Daredevils,0,116.0,118.0,0.47619047619047616,0.4,148.9047619047619,145.61904761904762,145.2,129.6
392218,2009-05-10,Mumbai Indians,Mumbai Indians,1,157.0,141.0,0.45454545454545453,0.4,147.4090909090909,144.36363636363637,131.0,134.2
392222,2009-05-12,Mumbai Indians,Mumbai Indians,1,122.0,119.0,0.4782608695652174,0.5,147.82608695652175,144.2173913043478,139.2,138.6
392225,2009-05-14,Mumbai Indians,Rajasthan Royals,0,143.0,145.0,0.5,0.5,146.75,143.16666666666666,134.0,134.6
392227,2009-05-16,Mumbai Indians,Chennai Super Kings,0,147.0,151.0,0.48,0.4,146.6,143.24,132.8,133.6
392235,2009-05-21,Mumbai Indians,Delhi Daredevils,0,165.0,166.0,0.46153846153846156,0.4,146.6153846153846,143.53846153846155,137.0,134.8
419107,2010-03-13,Mumbai Indians,Mumbai Indians,1,212.0,208.0,0.4444444444444444,0.3,147.2962962962963,144.37037037037038,146.8,144.4
419114,2010-03-17,Mumbai Indians,Mumbai Indians,1,218.0,120.0,0.4642857142857143,0.4,149.60714285714286,146.64285714285714,157.8,157.8
419119,2010-03-20,Mumbai Indians,Royal Challengers Bangalore,0,151.0,155.0,0.4827586206896552,0.4,151.9655172413793,145.72413793103448,177.0,158.0
419122,2010-03-22,Mumbai Indians,Mumbai Indians,1,156.0,155.0,0.4666666666666667,0.4,151.93333333333334,146.03333333333333,178.6,160.0
419125,2010-03-25,Mumbai Indians,Mumbai Indians,1,181.0,180.0,0.4838709677419355,0.5,152.06451612903226,146.32258064516128,180.4,160.8
419130,2010-03-28,Mumbai Indians,Mumbai Indians,1,172.0,131.0,0.5,0.6,152.96875,147.375,183.6,163.6
419132,2010-03-30,Mumbai Indians,Mumbai Indians,1,164.0,163.0,0.5151515151515151,0.6,153.54545454545453,146.87878787878788,175.6,148.2
419138,2010-04-03,Mumbai Indians,Mumbai Indians,1,178.0,115.0,0.5294117647058824,0.6,153.85294117647058,147.35294117647058,164.8,156.8
419142,2010-04-06,Mumbai Indians,Chennai Super Kings,0,141.0,165.0,0.5428571428571428,0.7,154.54285714285714,146.42857142857142,170.2,148.8
419146,2010-04-09,Mumbai Indians,Kings XI Punjab,0,154.0,158.0,0.5277777777777778,0.7,154.16666666666666,146.94444444444446,167.2,150.8
419150,2010-04-11,Mumbai Indians,Mumbai Indians,1,174.0,137.0,0.5135135135135135,0.7,154.16216216216216,147.24324324324326,161.8,146.4
419152,2010-04-13,Mumbai Indians,Mumbai Indians,1,183.0,144.0,0.5263157894736842,0.7,154.68421052631578,146.97368421052633,162.2,147.6
419157,2010-04-17,Mumbai Indians,Mumbai Indians,1,191.0,134.0,0.5384615384615384,0.7,155.4102564102564,146.89743589743588,166.0,143.8
419161,2010-04-19,Mumbai Indians,Kolkata Knight Riders,0,133.0,135.0,0.55,0.8,156.3,146.575,168.6,147.6
419162,2010-04-21,Mumbai Indians,Mumbai Indians,1,184.0,149.0,0.5365853658536586,0.7,155.73170731707316,146.29268292682926,167.0,141.6
419165,2010-04-25,Mumbai Indians,Chennai Super Kings,0,146.0,168.0,0.5476190476190477,0.7,156.4047619047619,146.35714285714286,173.0,139.8
501201,2011-04-10,Mumbai Indians,Mumbai Indians,1,99.0,95.0,0.5348837209302325,0.6,156.1627906976744,146.86046511627907,167.4,146.0
501205,2011-04-12,Mumbai Indians,Mumbai Indians,1,143.0,140.0,0.5454545454545454,0.6,154.86363636363637,145.6818181818182,150.6,136.2
501210,2011-04-15,Mumbai Indians,Kochi Tuskers Kerala,0,182.0,184.0,0.5555555555555556,0.6,154.6,145.55555555555554,141.0,137.4
501218,2011-04-20,Mumbai Indians,Mumbai Indians,1,124.0,118.0,0.5434782608695652,0.6,155.19565217391303,146.3913043478261,150.8,147.2
501221,2011-04-22,Mumbai Indians,Mumbai Indians,1,164.0,156.0,0.5531914893617021,0.7,154.53191489361703,145.7872340425532,138.8,141.0
501224,2011-04-24,Mumbai Indians,Mumbai Indians,1,172.0,135.0,0.5625,0.7,154.72916666666666,146.0,142.4,138.6
501231,2011-04-29,Mumbai Indians,Rajasthan Royals,0,94.0,95.0,0.5714285714285714,0.7,155.08163265306123,145.77551020408163,157.0,146.6
501237,2011-05-02,Mumbai Indians,Mumbai Indians,1,159.0,136.0,0.56,0.6,153.86,144.76,147.2,137.6
501241,2011-05-04,Mumbai Indians,Mumbai Indians,1,160.0,139.0,0.5686274509803921,0.7,153.9607843137255,144.58823529411765,142.6,128.0
501246,2011-05-07,Mumbai Indians,Mumbai Indians,1,178.0,146.0,0.5769230769230769,0.7,154.07692307692307,144.48076923076923,149.8,132.2
501251,2011-05-10,Mumbai Indians,Kings XI Punjab,0,87.0,163.0,0.5849056603773585,0.8,154.52830188679246,144.50943396226415,152.6,130.2
501256,2011-05-14,Mumbai Indians,Deccan Chargers,0,125.0,135.0,0.5740740740740741,0.7,153.27777777777777,144.85185185185185,135.6,135.8
501263,2011-05-20,Mumbai Indians,Rajasthan Royals,0,133.0,134.0,0.5636363636363636,0.6,152.76363636363635,144.6727272727273,141.8,143.8
501267,2011-05-22,Mumbai Indians,Mumbai Indians,1,178.0,175.0,0.5535714285714286,0.6,152.41071428571428,144.48214285714286,136.6,143.4
501269,2011-05-25,Mumbai Indians,Mumbai Indians,1,148.0,147.0,0.5614035087719298,0.6,152.859649122807,145.01754385964912,140.2,150.6
501270,2011-05-27,Mumbai Indians,Royal Challengers Bangalore,0,142.0,185.0,0.5689655172413793,0.6,152.77586206896552,145.05172413793105,134.2,150.8
548306,2012-04-04,Mumbai Indians,Mumbai Indians,1,115.0,112.0,0.559322033898305,0.5,152.59322033898306,145.72881355932202,145.2,155.2
548308,2012-04-06,Mumbai Indians,Pune Warriors,0,101.0,129.0,0.5666666666666667,0.6,151.96666666666667,145.16666666666666,143.2,150.6
548314,2012-04-09,Mumbai Indians,Mumbai Indians,1,142.0,138.0,0.5573770491803278,0.5,151.13114754098362,144.9016393442623,136.8,149.6
548317,2012-04-11,Mumbai Indians,Mumbai Indians,1,197.0,170.0,0.5645161290322581,0.5,150.98387096774192,144.79032258064515,129.6,142.2
548325,2012-04-16,Mumbai Indians,Delhi Daredevils,0,92.0,93.0,0.5714285714285714,0.5,151.71428571428572,145.1904761904762,139.4,146.8
548334,2012-04-22,Mumbai Indians,Kings XI Punjab,0,163.0,164.0,0.5625,0.5,150.78125,144.375,129.4,128.4
548339,2012-04-25,Mumbai Indians,Mumbai Indians,1,171.0,168.0,0.5538461538461539,0.5,150.96923076923076,144.6769230769231,139.0,138.8
548342,2012-04-27,Mumbai Indians,Delhi Daredevils,0,170.0,207.0,0.5606060606060606,0.6,151.27272727272728,145.03030303030303,153.0,146.6
548346,2012-04-29,Mumbai Indians,Mumbai Indians,1,101.0,100.0,0.5522388059701493,0.5,151.55223880597015,145.955223880597,158.6,160.4
548351,2012-05-03,Mumbai Indians,Mumbai Indians,1,120.0,119.0,0.5588235294117647,0.5,150.80882352941177,145.27941176470588,139.4,146.4
548355,2012-05-06,Mumbai Indians,Mumbai Indians,1,174.0,173.0,0.5652173913043478,0.6,150.36231884057972,144.8985507246377,145.0,151.6
548360,2012-05-09,Mumbai Indians,Royal Challengers Bangalore,0,141.0,142.0,0.5714285714285714,0.6,150.7,145.3,147.2,153.4
548363,2012-05-12,Mumbai Indians,Mumbai Indians,1,182.0,155.0,0.5633802816901409,0.6,150.56338028169014,145.25352112676057,141.2,148.2
548367,2012-05-14,Mumbai Indians,Mumbai Indians,1,173.0,171.0,0.5694444444444444,0.6,151.0,145.38888888888889,143.6,137.8
548370,2012-05-16,Mumbai Indians,Kolkata Knight Riders,0,108.0,140.0,0.5753424657534246,0.6,151.3013698630137,145.73972602739727,158.0,152.0
548377,2012-05-20,Mumbai Indians,Mumbai Indians,1,163.0,162.0,0.5675675675675675,0.6,150.71621621621622,145.66216216216216,155.6,156.2
548379,2012-05-23,Mumbai Indians,Chennai Super Kings,0,149.0,187.0,0.5733333333333334,0.7,150.88,145.88,153.4,154.0
597999,2013-04-04,Mumbai Indians,Royal Challengers Bangalore,0,154.0,156.0,0.5657894736842105,0.6,150.85526315789474,146.42105263157896,155.0,163.0
598002,2013-04-06,Mumbai Indians,Mumbai Indians,1,148.0,139.0,0.5584415584415584,0.6,150.8961038961039,146.54545454545453,149.4,163.2
598006,2013-04-09,Mumbai Indians,Mumbai Indians,1,209.0,165.0,0.5641025641025641,0.6,150.85897435897436,146.44871794871796,144.4,156.8
598011,2013-04-13,Mumbai Indians,Mumbai Indians,1,183.0,142.0,0.569620253164557,0.6,151.59493670886076,146.68354430379748,164.6,161.8
598019,2013-04-17,Mumbai Indians,Rajasthan Royals,0,92.0,179.0,0.575,0.6,151.9875,146.625,168.6,157.8
598024,2013-04-21,Mumbai Indians,Delhi Daredevils,0,161.0,165.0,0.5679012345679012,0.6,151.2469135802469,147.02469135802468,157.2,156.2
598029,2013-04-24,Mumbai Indians,Mumbai Indians,1,162.0,159.0,0.5609756097560976,0.5,151.3658536585366,147.2439024390244,158.6,158.0
598033,2013-04-27,Mumbai Indians,Mumbai Indians,1,194.0,136.0,0.5662650602409639,0.5,151.49397590361446,147.3855421686747,161.4,162.0
598037,2013-04-29,Mumbai Indians,Mumbai Indians,1,174.0,170.0,0.5714285714285714,0.6,152.0,147.25,158.4,156.2
598039,2013-05-01,Mumbai Indians,Sunrisers Hyderabad,0,129.0,130.0,0.5764705882352941,0.6,152.25882352941176,147.51764705882354,156.6,161.8
598046,2013-05-05,Mumbai Indians,Mumbai Indians,1,139.0,79.0,0.5697674418604651,0.6,151.98837209302326,147.3139534883721,164.0,152.0
598050,2013-05-07,Mumbai Indians,Mumbai Indians,1,170.0,105.0,0.5747126436781609,0.7,151.83908045977012,146.5287356321839,159.6,134.8
598055,2013-05-11,Mumbai Indians,Mumbai Indians,1,116.0,112.0,0.5795454545454546,0.7,152.04545454545453,146.0568181818182,161.2,124.0
598060,2013-05-13,Mumbai Indians,Mumbai Indians,1,184.0,178.0,0.5842696629213483,0.7,151.64044943820224,145.67415730337078,145.6,119.2
598063,2013-05-15,Mumbai Indians,Mumbai Indians,1,166.0,152.0,0.5888888888888889,0.7,152.0,146.03333333333333,147.6,120.8
598066,2013-05-18,Mumbai Indians,Kings XI Punjab,0,133.0,183.0,0.5934065934065934,0.8,152.15384615384616,146.0989010989011,155.0,125.2
598070,2013-05-21,Mumbai Indians,Chennai Super Kings,0,144.0,192.0,0.5869565217391305,0.8,151.94565217391303,146.5,153.8,146.0
598072,2013-05-24,Mumbai Indians,Mumbai Indians,1,169.0,165.0,0.5806451612903226,0.7,151.86021505376345,146.98924731182797,148.6,163.4
598073,2013-05-26,Mumbai Indians,Mumbai Indians,1,148.0,125.0,0.5851063829787234,0.7,152.04255319148936,147.18085106382978,159.2,174.0
729279,2014-04-16,Mumbai Indians,Kolkata Knight Riders,0,122.0,163.0,0.5894736842105263,0.7,152.0,146.94736842105263,152.0,163.4
729287,2014-04-19,Mumbai Indians,Royal Challengers Bangalore,0,115.0,116.0,0.5833333333333334,0.7,151.6875,147.11458333333334,143.2,165.6
729303,2014-04-25,Mumbai Indians,Chennai Super Kings,0,141.0,142.0,0.5773195876288659,0.6,151.30927835051546,146.79381443298968,139.6,152.2
729309,2014-04-27,Mumbai Indians,Delhi Daredevils,0,125.0,126.0,0.5714285714285714,0.5,151.20408163265307,146.74489795918367,139.0,142.2
729317,2014-04-30,Mumbai Indians,Sunrisers Hyderabad,0,157.0,172.0,0.5656565656565656,0.4,150.93939393939394,146.53535353535352,130.2,134.4
733973,2014-05-03,Mumbai Indians,Mumbai Indians,1,170.0,168.0,0.56,0.3,151.0,146.79,132.0,143.8
733983,2014-05-06,Mumbai Indians,Mumbai Indians,1,187.0,168.0,0.5643564356435643,0.3,151.1881188118812,147.0,141.6,144.8
733995,2014-05-10,Mumbai Indians,Chennai Super Kings,0,157.0,160.0,0.5686274509803921,0.4,151.5392156862745,147.2058823529412,156.0,155.2
734001,2014-05-12,Mumbai Indians,Mumbai Indians,1,160.0,157.0,0.5631067961165048,0.4,151.59223300970874,147.33009708737865,159.2,158.8
734009,2014-05-14,Mumbai Indians,Kolkata Knight Riders,0,141.0,142.0,0.5673076923076923,0.4,151.67307692307693,147.42307692307693,166.2,165.0
734017,2014-05-19,Mumbai Indians,Mumbai Indians,1,178.0,153.0,0.5619047619047619,0.3,151.57142857142858,147.37142857142857,163.0,159.0
734025,2014-05-21,Mumbai Indians,Mumbai Indians,1,159.0,156.0,0.5660377358490566,0.4,151.82075471698113,147.4245283018868,164.6,156.0
734031,2014-05-23,Mumbai Indians,Mumbai Indians,1,173.0,158.0,0.5700934579439252,0.5,151.88785046728972,147.50467289719626,159.0,153.6
734041,2014-05-25,Mumbai Indians,Mumbai Indians,1,195.0,189.0,0.5740740740740741,0.6,152.08333333333334,147.60185185185185,162.2,153.2
734045,2014-05-28,Mumbai Indians,Chennai Super Kings,0,173.0,176.0,0.5779816513761468,0.7,152.47706422018348,147.9816513761468,169.2,159.6
829705,2015-04-08,Mumbai Indians,Kolkata Knight Riders,0,168.0,170.0,0.5727272727272728,0.7,152.66363636363636,148.23636363636365,175.6,166.4
829717,2015-04-12,Mumbai Indians,Kings XI Punjab,0,159.0,177.0,0.5675675675675675,0.6,152.80180180180182,148.43243243243242,173.6,169.8
829721,2015-04-14,Mumbai Indians,Rajasthan Royals,0,164.0,165.0,0.5625,0.5,152.85714285714286,148.6875,173.6,174.0
829729,2015-04-17,Mumbai Indians,Chennai Super Kings,0,183.0,189.0,0.5575221238938053,0.5,152.95575221238937,148.83185840707964,171.8,175.4
829737,2015-04-19,Mumbai Indians,Mumbai Indians,1,209.0,191.0,0.5526315789473685,0.4,153.21929824561403,149.18421052631578,169.4,175.4
829747,2015-04-23,Mumbai Indians,Delhi Daredevils,0,153.0,190.0,0.5565217391304348,0.5,153.70434782608694,149.54782608695652,176.6,178.4
829751,2015-04-25,Mumbai Indians,Mumbai Indians,1,157.0,137.0,0.5517241379310345,0.4,153.69827586206895,149.89655172413794,173.6,182.4
829769,2015-05-01,Mumbai Indians,Mumbai Indians,1,187.0,179.0,0.5555555555555556,0.4,153.72649572649573,149.7863247863248,173.2,174.4
829775,2015-05-03,Mumbai Indians,Mumbai Indians,1,172.0,149.0,0.559322033898305,0.4,154.0084745762712,150.03389830508473,177.8,177.2
829783,2015-05-05,Mumbai Indians,Mumbai Indians,1,153.0,152.0,0.5630252100840336,0.4,154.1596638655462,150.0252100840336,175.6,169.2
829789,2015-05-08,Mumbai Indians,Mumbai Indians,1,159.0,158.0,0.5666666666666667,0.5,154.15,150.04166666666666,164.4,161.4
829795,2015-05-10,Mumbai Indians,Royal Challengers Bangalore,0,196.0,235.0,0.5702479338842975,0.6,154.1900826446281,150.10743801652893,165.6,155.0
829805,2015-05-14,Mumbai Indians,Mumbai Indians,1,171.0,166.0,0.5655737704918032,0.6,154.5327868852459,150.80327868852459,173.4,174.6
829815,2015-05-17,Mumbai Indians,Mumbai Indians,1,114.0,113.0,0.5691056910569106,0.7,154.66666666666666,150.9268292682927,170.2,172.0
829817,2015-05-19,Mumbai Indians,Mumbai Indians,1,187.0,162.0,0.5725806451612904,0.8,154.33870967741936,150.6209677419355,158.6,164.8
829823,2015-05-24,Mumbai Indians,Mumbai Indians,1,202.0,161.0,0.576,0.8,154.6,150.712,165.4,166.8
980901,2016-04-09,Mumbai Indians,Rising Pune Supergiants,0,121.0,126.0,0.5793650793650794,0.9,154.97619047619048,150.79365079365078,174.0,167.4
980909,2016-04-13,Mumbai Indians,Mumbai Indians,1,188.0,187.0,0.5748031496062992,0.8,154.70866141732284,150.5984251968504,159.0,145.6
980917,2016-04-16,Mumbai Indians,Gujarat Lions,0,143.0,147.0,0.578125,0.8,154.96875,150.8828125,162.4,149.8
980923,2016-04-18,Mumbai Indians,Sunrisers Hyderabad,0,142.0,145.0,0.5736434108527132,0.7,154.87596899224806,150.85271317829458,168.2,156.6
980927,2016-04-20,Mumbai Indians,Mumbai Indians,1,171.0,170.0,0.5692307692307692,0.6,154.77692307692308,150.80769230769232,159.2,153.2
980933,2016-04-23,Mumbai Indians,Delhi Daredevils,0,154.0,164.0,0.5725190839694656,0.6,154.90076335877862,150.95419847328245,153.0,155.0
980941,2016-04-25,Mumbai Indians,Mumbai Indians,1,189.0,164.0,0.5681818181818182,0.6,154.8939393939394,151.0530303030303,159.6,162.6
980947,2016-04-28,Mumbai Indians,Mumbai Indians,1,178.0,174.0,0.5714285714285714,0.6,155.15037593984962,151.15037593984962,159.8,158.0
980957,2016-05-01,Mumbai Indians,Mumbai Indians,1,161.0,159.0,0.5746268656716418,0.6,155.32089552238807,151.32089552238807,166.8,163.4
980973,2016-05-08,Mumbai Indians,Sunrisers Hyderabad,0,92.0,177.0,0.5777777777777777,0.6,155.36296296296297,151.37777777777777,170.6,166.2
980981,2016-05-11,Mumbai Indians,Mumbai Indians,1,153.0,151.0,0.5735294117647058,0.5,154.89705882352942,151.56617647058823,154.8,167.6
980985,2016-05-13,Mumbai Indians,Kings XI Punjab,0,124.0,127.0,0.5766423357664233,0.6,154.8832116788321,151.56204379562044,154.6,165.0
980993,2016-05-15,Mumbai Indians,Mumbai Indians,1,206.0,126.0,0.572463768115942,0.5,154.65942028985506,151.3840579710145,141.6,157.6
981007,2016-05-21,Mumbai Indians,Gujarat Lions,0,172.0,173.0,0.5755395683453237,0.6,155.02877697841726,151.20143884892087,147.2,148.0
1082592,2017-04-06,Mumbai Indians,Rising Pune Supergiant,0,184.0,187.0,0.5714285714285714,0.6,155.15,151.35714285714286,149.4,150.8
1082597,2017-04-09,Mumbai Indians,Mumbai Indians,1,180.0,178.0,0.5673758865248227,0.5,155.354609929078,151.60992907801418,167.8,152.8
1082600,2017-04-12,Mumbai Indians,Mumbai Indians,1,159.0,158.0,0.5704225352112676,0.6,155.5281690140845,151.79577464788733,173.2,158.2
1082602,2017-04-14,Mumbai Indians,Mumbai Indians,1,145.0,142.0,0.5734265734265734,0.6,155.55244755244755,151.83916083916083,180.2,164.4
1082606,2017-04-16,Mumbai Indians,Mumbai Indians,1,177.0,176.0,0.5763888888888888,0.6,155.47916666666666,151.77083333333334,168.0,167.6
1082612,2017-04-20,Mumbai Indians,Mumbai Indians,1,199.0,198.0,0.5793103448275863,0.6,155.62758620689655,151.93793103448274,169.0,168.2
1082614,2017-04-22,Mumbai Indians,Mumbai Indians,1,142.0,128.0,0.5821917808219178,0.7,155.92465753424656,152.25342465753425,172.0,170.4
1082618,2017-04-24,Mumbai Indians,Rising Pune Supergiant,0,157.0,160.0,0.5850340136054422,0.7,155.82993197278913,152.08843537414967,164.4,160.4
1082628,2017-05-01,Mumbai Indians,Mumbai Indians,1,165.0,162.0,0.581081081081081,0.7,155.83783783783784,152.1418918918919,164.0,160.8
1082635,2017-05-06,Mumbai Indians,Mumbai Indians,1,212.0,66.0,0.5838926174496645,0.7,155.8993288590604,152.20805369127515,168.0,164.8
1082638,2017-05-08,Mumbai Indians,Sunrisers Hyderabad,0,138.0,140.0,0.5866666666666667,0.8,156.27333333333334,151.63333333333333,175.0,142.8
1082641,2017-05-11,Mumbai Indians,Kings XI Punjab,0,223.0,230.0,0.5827814569536424,0.8,156.1523178807947,151.5562913907285,162.8,131.2
1082644,2017-05-13,Mumbai Indians,Mumbai Indians,1,173.0,164.0,0.5789473684210527,0.7,156.5921052631579,152.07236842105263,179.0,151.6
1082647,2017-05-16,Mumbai Indians,Rising Pune Supergiant,0,142.0,162.0,0.5816993464052288,0.7,156.69934640522877,152.15032679738562,182.2,152.4
1082649,2017-05-19,Mumbai Indians,Mumbai Indians,1,111.0,107.0,0.577922077922078,0.6,156.6038961038961,152.21428571428572,177.6,152.4
1082650,2017-05-21,Mumbai Indians,Mumbai Indians,1,129.0,128.0,0.5806451612903226,0.6,156.30967741935484,151.9225806451613,157.4,160.6
1136561,2018-04-07,Mumbai Indians,Chennai Super Kings,0,165.0,169.0,0.5833333333333334,0.6,156.1346153846154,151.76923076923077,155.6,158.2
1136567,2018-04-12,Mumbai Indians,Sunrisers Hyderabad,0,147.0,151.0,0.5796178343949044,0.5,156.19108280254778,151.87898089171975,144.0,146.0
1136569,2018-04-14,Mumbai Indians,Delhi Daredevils,0,194.0,195.0,0.5759493670886076,0.5,156.13291139240508,151.873417721519,138.8,143.4
1136574,2018-04-17,Mumbai Indians,Mumbai Indians,1,213.0,167.0,0.5723270440251572,0.4,156.37106918238993,152.14465408805032,149.2,150.0
1136581,2018-04-22,Mumbai Indians,Rajasthan Royals,0,167.0,168.0,0.575,0.4,156.725,152.2375,169.6,162.0
1136583,2018-04-24,Mumbai Indians,Sunrisers Hyderabad,0,87.0,118.0,0.5714285714285714,0.4,156.7888198757764,152.33540372670808,177.2,170.0
1136587,2018-04-28,Mumbai Indians,Mumbai Indians,1,170.0,169.0,0.5679012345679012,0.4,156.35802469135803,152.12345679012347,161.6,159.8
1136591,2018-05-01,Mumbai Indians,Royal Challengers Bangalore,0,153.0,167.0,0.5705521472392638,0.4,156.44171779141104,152.22699386503066,166.2,163.4
1136594,2018-05-04,Mumbai Indians,Mumbai Indians,1,176.0,174.0,0.5670731707317073,0.4,156.42073170731706,152.3170731707317,158.0,157.8
1136597,2018-05-06,Mumbai Indians,Mumbai Indians,1,181.0,168.0,0.5696969696969697,0.4,156.53939393939393,152.44848484848484,150.6,159.2
1136601,2018-05-09,Mumbai Indians,Mumbai Indians,1,210.0,108.0,0.572289156626506,0.4,156.6867469879518,152.5421686746988,153.4,159.2
1136607,2018-05-13,Mumbai Indians,Rajasthan Royals,0,168.0,171.0,0.5748502994011976,0.5,157.00598802395209,152.2754491017964,178.0,157.2
1136610,2018-05-16,Mumbai Indians,Mumbai Indians,1,186.0,183.0,0.5714285714285714,0.5,157.07142857142858,152.38690476190476,177.6,157.6
1136615,2018-05-20,Mumbai Indians,Delhi Daredevils,0,163.0,174.0,0.5739644970414202,0.6,157.24260355029585,152.5680473372781,184.2,160.8
1175358,2019-03-24,Mumbai Indians,Delhi Capitals,0,176.0,213.0,0.5705882352941176,0.5,157.2764705882353,152.69411764705882,181.6,160.8
1175362,2019-03-28,Mumbai Indians,Mumbai Indians,1,187.0,181.0,0.5672514619883041,0.5,157.3859649122807,153.046783625731,180.6,169.8
1175364,2019-03-30,Mumbai Indians,Kings XI Punjab,0,176.0,177.0,0.5697674418604651,0.6,157.5581395348837,153.2093023255814,176.0,184.4
1175370,2019-04-03,Mumbai Indians,Mumbai Indians,1,170.0,133.0,0.5664739884393064,0.5,157.66473988439307,153.34682080924856,177.6,185.6
1178394,2019-04-06,Mumbai Indians,Mumbai Indians,1,136.0,96.0,0.5689655172413793,0.6,157.73563218390805,153.22988505747125,174.4,175.6
1178399,2019-04-10,Mumbai Indians,Mumbai Indians,1,198.0,197.0,0.5714285714285714,0.6,157.61142857142858,152.90285714285713,169.0,160.0
1178402,2019-04-13,Mumbai Indians,Rajasthan Royals,0,187.0,188.0,0.5738636363636364,0.6,157.8409090909091,153.1534090909091,173.4,156.8
1178406,2019-04-15,Mumbai Indians,Mumbai Indians,1,172.0,171.0,0.5706214689265536,0.5,158.00564971751413,153.3502824858757,173.4,158.2
1178409,2019-04-18,Mumbai Indians,Mumbai Indians,1,168.0,128.0,0.5730337078651685,0.6,158.08426966292134,153.4494382022472,172.6,157.0
1178411,2019-04-20,Mumbai Indians,Rajasthan Royals,0,161.0,162.0,0.5754189944134078,0.6,158.13966480446928,153.3072625698324,172.2,156.0
1178419,2019-04-26,Mumbai Indians,Mumbai Indians,1,155.0,109.0,0.5722222222222222,0.6,158.15555555555557,153.35555555555555,177.2,169.2
1178422,2019-04-28,Mumbai Indians,Kolkata Knight Riders,0,198.0,232.0,0.574585635359116,0.7,158.13812154696132,153.11049723756906,168.6,151.6
1178431,2019-05-05,Mumbai Indians,Mumbai Indians,1,134.0,133.0,0.5714285714285714,0.6,158.35714285714286,153.54395604395606,170.8,160.4
1181764,2019-05-07,Mumbai Indians,Mumbai Indians,1,132.0,131.0,0.5737704918032787,0.7,158.224043715847,153.43169398907105,163.2,152.8
1181768,2019-05-12,Mumbai Indians,Mumbai Indians,1,149.0,148.0,0.5760869565217391,0.7,158.08152173913044,153.30978260869566,156.0,153.4
1216492,2020-09-19,Mumbai Indians,Chennai Super Kings,0,162.0,166.0,0.5783783783783784,0.7,158.03243243243244,153.28108108108108,153.6,150.6
1216508,2020-09-23,Mumbai Indians,Mumbai Indians,1,195.0,146.0,0.5752688172043011,0.6,158.05376344086022,153.3494623655914,155.0,162.0
1216503,2020-10-01,Mumbai Indians,Mumbai Indians,1,191.0,143.0,0.5775401069518716,0.7,158.25133689839572,153.3101604278075,154.4,144.8
1216538,2020-10-04,Mumbai Indians,Mumbai Indians,1,208.0,174.0,0.5797872340425532,0.7,158.4255319148936,153.25531914893617,165.8,146.8
1216511,2020-10-06,Mumbai Indians,Mumbai Indians,1,193.0,136.0,0.582010582010582,0.7,158.68783068783068,153.36507936507937,181.0,155.4
1216529,2020-10-11,Mumbai Indians,Mumbai Indians,1,166.0,162.0,0.5842105263157895,0.8,158.8684210526316,153.2736842105263,189.8,153.0
1216526,2020-10-16,Mumbai Indians,Mumbai Indians,1,149.0,148.0,0.5863874345549738,0.8,158.90575916230367,153.3193717277487,190.6,152.2
1216521,2020-10-23,Mumbai Indians,Mumbai Indians,1,116.0,114.0,0.5885416666666666,0.9,158.85416666666666,153.29166666666666,181.4,152.6
1216541,2020-10-25,Mumbai Indians,Rajasthan Royals,0,195.0,196.0,0.5906735751295337,0.9,158.6321243523316,153.0880829015544,166.4,146.8
1216499,2020-10-28,Mumbai Indians,Mumbai Indians,1,166.0,164.0,0.5876288659793815,0.8,158.81958762886597,153.30927835051546,163.8,151.2
1216535,2020-10-31,Mumbai Indians,Mumbai Indians,1,111.0,110.0,0.5897435897435898,0.8,158.85641025641024,153.36410256410255,158.4,156.8
1216495,2020-11-03,Mumbai Indians,Sunrisers Hyderabad,0,149.0,151.0,0.5918367346938775,0.9,158.6122448979592,153.14285714285714,147.4,146.4
1237177,2020-11-05,Mumbai Indians,Mumbai Indians,1,200.0,143.0,0.5888324873096447,0.8,158.56345177664974,153.13197969543148,147.4,147.0
1237181,2020-11-10,Mumbai Indians,Mumbai Indians,1,157.0,156.0,0.5909090909090909,0.8,158.77272727272728,153.08080808080808,164.2,152.8
1254058,2021-04-09,Mumbai Indians,Royal Challengers Bangalore,0,159.0,160.0,0.592964824120603,0.8,158.76381909547737,153.09547738693468,156.6,144.8
1254062,2021-04-13,Mumbai Indians,Mumbai Indians,1,152.0,142.0,0.59,0.7,158.765,153.13,155.2,144.0
1254066,2021-04-17,Mumbai Indians,Mumbai Indians,1,150.0,137.0,0.5920398009950248,0.7,158.73134328358208,153.07462686567163,163.4,150.4
1254070,2021-04-20,Mumbai Indians,Delhi Capitals,0,137.0,138.0,0.594059405940594,0.7,158.6881188118812,152.9950495049505,163.6,147.6
1254074,2021-04-23,Mumbai Indians,Punjab Kings,0,131.0,132.0,0.5911330049261084,0.6,158.58128078817734,152.92118226600985,151.0,146.6
1254081,2021-04-29,Mumbai Indians,Mumbai Indians,1,172.0,171.0,0.5882352941176471,0.6,158.44607843137254,152.8186274509804,145.8,141.8
1254084,2021-05-01,Mumbai Indians,Mumbai Indians,1,219.0,218.0,0.5902439024390244,0.6,158.5121951219512,152.90731707317073,148.4,144.0
1254104,2021-09-19,Mumbai Indians,Chennai Super Kings,0,136.0,156.0,0.5922330097087378,0.6,158.80582524271844,153.2233009708738,161.8,159.2
1254096,2021-09-23,Mumbai Indians,Kolkata Knight Riders,0,155.0,159.0,0.5893719806763285,0.6,158.69565217391303,153.23671497584542,159.0,163.0
1254108,2021-09-26,Mumbai Indians,Royal Challengers Bangalore,0,111.0,165.0,0.5865384615384616,0.5,158.6778846153846,153.26442307692307,162.6,167.2
1254099,2021-09-28,Mumbai Indians,Mumbai Indians,1,137.0,135.0,0.583732057416268,0.4,158.44976076555025,153.32057416267943,158.6,173.8
1254112,2021-10-02,Mumbai Indians,Delhi Capitals,0,129.0,132.0,0.5857142857142857,0.5,158.34761904761905,153.23333333333332,151.6,166.6
1254093,2021-10-05,Mumbai Indians,Mumbai Indians,1,94.0,90.0,0.5829383886255924,0.4,158.20853080568722,153.13270142180096,133.6,149.4
1254088,2021-10-08,Mumbai Indians,Mumbai Indians,1,235.0,193.0,0.5849056603773585,0.4,157.9056603773585,152.83490566037736,125.2,136.2
1304048,2022-03-27,Mumbai Indians,Delhi Capitals,0,177.0,179.0,0.5868544600938967,0.5,158.26760563380282,153.02347417840375,141.2,143.0
1304055,2022-04-02,Mumbai Indians,Rajasthan Royals,0,170.0,193.0,0.5841121495327103,0.5,158.3551401869159,153.1448598130841,154.4,145.8
1304060,2022-04-06,Mumbai Indians,Kolkata Knight Riders,0,161.0,162.0,0.5813953488372093,0.4,158.4093023255814,153.33023255813953,161.0,157.4
1304064,2022-04-09,Mumbai Indians,Royal Challengers Bangalore,0,151.0,152.0,0.5787037037037037,0.3,158.4212962962963,153.37037037037038,167.4,163.4
1304069,2022-04-13,Mumbai Indians,Punjab Kings,0,186.0,198.0,0.576036866359447,0.3,158.38709677419354,153.36405529953916,178.8,175.8
1304072,2022-04-16,Mumbai Indians,Lucknow Super Giants,0,181.0,199.0,0.573394495412844,0.3,158.5137614678899,153.56880733944953,169.0,176.8
1304079,2022-04-21,Mumbai Indians,Chennai Super Kings,0,155.0,156.0,0.5707762557077626,0.3,158.6164383561644,153.77625570776254,169.8,180.8
1304083,2022-04-24,Mumbai Indians,Lucknow Super Giants,0,132.0,168.0,0.5681818181818182,0.2,158.6,153.78636363636363,166.8,173.4
1304090,2022-04-30,Mumbai Indians,Mumbai Indians,1,161.0,158.0,0.5656108597285068,0.2,158.47963800904978,153.85067873303169,161.0,174.6
1304097,2022-05-06,Mumbai Indians,Mumbai Indians,1,177.0,172.0,0.5675675675675675,0.2,158.49099099099098,153.86936936936937,163.0,175.8
1304102,2022-05-09,Mumbai Indians,Kolkata Knight Riders,0,113.0,165.0,0.5695067264573991,0.2,158.57399103139014,153.9506726457399,161.2,170.6
1304105,2022-05-12,Mumbai Indians,Mumbai Indians,1,103.0,97.0,0.5669642857142857,0.2,158.37053571428572,154.0,147.6,163.8
1304111,2022-05-17,Mumbai Indians,Sunrisers Hyderabad,0,190.0,193.0,0.5688888888888889,0.3,158.12444444444444,153.74666666666667,137.2,152.0
1304115,2022-05-21,Mumbai Indians,Mumbai Indians,1,160.0,159.0,0.5663716814159292,0.3,158.26548672566372,153.9203539823009,148.8,157.0
1359479,2023-04-02,Mumbai Indians,Royal Challengers Bangalore,0,171.0,172.0,0.5682819383259912,0.4,158.27312775330395,153.94273127753303,148.6,157.2
1359486,2023-04-08,Mumbai Indians,Chennai Super Kings,0,157.0,159.0,0.5657894736842105,0.4,158.32894736842104,154.0219298245614,147.4,157.2
1359490,2023-04-11,Mumbai Indians,Mumbai Indians,1,173.0,172.0,0.5633187772925764,0.4,158.3231441048035,154.04366812227073,156.2,156.0
1359496,2023-04-16,Mumbai Indians,Mumbai Indians,1,186.0,185.0,0.5652173913043478,0.5,158.38695652173914,154.12173913043478,170.2,171.0
1359499,2023-04-18,Mumbai Indians,Mumbai Indians,1,192.0,178.0,0.5670995670995671,0.6,158.5064935064935,154.25541125541125,169.4,169.4
1359505,2023-04-22,Mumbai Indians,Punjab Kings,0,201.0,214.0,0.5689655172413793,0.6,158.65086206896552,154.35775862068965,175.8,173.2
1359509,2023-04-25,Mumbai Indians,Gujarat Titans,0,152.0,207.0,0.5665236051502146,0.5,158.83261802575106,154.6137339055794,181.8,181.6
1359516,2023-04-30,Mumbai Indians,Mumbai Indians,1,214.0,212.0,0.5641025641025641,0.5,158.8034188034188,154.83760683760684,180.8,191.2
1359520,2023-05-03,Mumbai Indians,Mumbai Indians,1,216.0,214.0,0.5659574468085107,0.5,159.03829787234042,155.08085106382978,189.0,199.2
1359523,2023-05-06,Mumbai Indians,Chennai Super Kings,0,139.0,140.0,0.5677966101694916,0.6,159.27966101694915,155.33050847457628,195.0,205.0
1359528,2023-05-09,Mumbai Indians,Mumbai Indians,1,200.0,199.0,0.5654008438818565,0.5,159.19409282700423,155.26582278481013,184.4,197.4
1359531,2023-05-12,Mumbai Indians,Mumbai Indians,1,218.0,191.0,0.5672268907563025,0.6,159.3655462184874,155.44957983193277,184.2,194.4
1359537,2023-05-16,Mumbai Indians,Lucknow Super Giants,0,172.0,177.0,0.5690376569037657,0.7,159.61087866108787,155.59832635983264,197.4,191.2
1359543,2023-05-21,Mumbai Indians,Mumbai Indians,1,201.0,200.0,0.5666666666666667,0.6,159.6625,155.6875,189.0,184.2
1370351,2023-05-24,Mumbai Indians,Mumbai Indians,1,182.0,101.0,0.5684647302904564,0.6,159.83402489626556,155.8713692946058,186.0,181.4
1370352,2023-05-26,Mumbai Indians,Gujarat Titans,0,171.0,233.0,0.5702479338842975,0.6,159.92561983471074,155.64462809917356,194.6,173.6
1422123,2024-03-24,Mumbai Indians,Gujarat Titans,0,,,0.5679012345679012,0.6,159.97119341563786,155.96296296296296,188.8,180.4
1422126,2024-03-27,Mumbai Indians,Sunrisers Hyderabad,0,,,0.5655737704918032,0.6,159.97119341563786,155.96296296296296,181.5,177.75
1422132,2024-04-01,Mumbai Indians,Rajasthan Royals,0,,,0.563265306122449,0.5,159.97119341563786,155.96296296296296,184.66666666666666,178.0
1422138,2024-04-07,Mumbai Indians,Mumbai Indians,1,,,0.5609756097560976,0.4,159.97119341563786,155.96296296296296,176.5,167.0
1426263,2024-04-11,Mumbai Indians,Mumbai Indians,1,,,0.562753036437247,0.5,159.97119341563786,155.96296296296296,160.0,160.0
1426267,2024-04-14,Mumbai Indians,Chennai Super Kings,0,,,0.5645161290322581,0.5,159.97119341563786,155.96296296296296,160.0,160.0
1426271,2024-04-18,Mumbai Indians,Mumbai Indians,1,,,0.5622489959839357,0.4,159.97119341563786,155.96296296296296,160.0,160.0
1426276,2024-04-22,Mumbai Indians,Rajasthan Royals,0,,,0.564,0.5,159.97119341563786,155.96296296296296,160.0,160.0
1426281,2024-04-27,Mumbai Indians,Delhi Capitals,0,,,0.5617529880478087,0.4,159.97119341563786,155.96296296296296,160.0,160.0
1426286,2024-04-30,Mumbai Indians,Lucknow Super Giants,0,,,0.5595238095238095,0.3,159.97119341563786,155.96296296296296,160.0,160.0
1426289,2024-05-03,Mumbai Indians,Kolkata Knight Riders,0,,,0.5573122529644269,0.3,159.97119341563786,155.96296296296296,160.0,160.0
1426293,2024-05-06,Mumbai Indians,Mumbai Indians,1,,,0.5551181102362205,0.3,159.97119341563786,155.96296296296296,160.0,160.0
1426298,2024-05-11,Mumbai Indians,Kolkata Knight Riders,0,,,0.5568627450980392,0.4,159.97119341563786,155.96296296296296,160.0,160.0
1426305,2024-05-17,Mumbai Indians,Lucknow Super Giants,0,,,0.5546875,0.4,159.97119341563786,155.96296296296296,160.0,160.0
1473440,2025-03-23,Mumbai Indians,Chennai Super Kings,0,,,0.5525291828793775,0.3,159.97119341563786,155.96296296296296,160.0,160.0
1473446,2025-03-29,Mumbai Indians,Gujarat Titans,0,,,0.5503875968992248,0.2,159.97119341563786,155.96296296296296,160.0,160.0
1473449,2025-03-31,Mumbai Indians,Mumbai Indians,1,,,0.5482625482625483,0.2,159.97119341563786,155.96296296296296,160.0,160.0
1473453,2025-04-04,Mumbai Indians,Lucknow Super Giants,0,,,0.55,0.2,159.97119341563786,155.96296296296296,160.0,160.0
1473458,2025-04-07,Mumbai Indians,Royal Challengers Bengaluru,0,,,0.5478927203065134,0.2,159.97119341563786,155.96296296296296,160.0,160.0
1473466,2025-04-13,Mumbai Indians,Mumbai Indians,1,,,0.5458015267175572,0.2,159.97119341563786,155.96296296296296,160.0,160.0
1473470,2025-04-17,Mumbai Indians,Mumbai Indians,1,,,0.5475285171102662,0.3,159.97119341563786,155.96296296296296,160.0,160.0
1473475,2025-04-20,Mumbai Indians,Mumbai Indians,1,,,0.5492424242424242,0.4,159.97119341563786,155.96296296296296,160.0,160.0
1473478,2025-04-23,Mumbai Indians,Mumbai Indians,1,,,0.5509433962264151,0.4,159.97119341563786,155.96296296296296,160.0,160.0
1473482,2025-04-27,Mumbai Indians,Mumbai Indians,1,,,0.5526315789473685,0.5,159.97119341563786,155.96296296296296,160.0,160.0
1473487,2025-05-01,Mumbai Indians,Mumbai Indians,1,,,0.5543071161048689,0.6,159.97119341563786,155.96296296296296,160.0,160.0
1473493,2025-05-06,Mumbai Indians,Gujarat Titans,0,,,0.5559701492537313,0.7,159.97119341563786,155.96296296296296,160.0,160.0
1473501,2025-05-21,Mumbai Indians,Mumbai Indians,1,,,0.5539033457249071,0.7,159.97119341563786,155.96296296296296,160.0,160.0
1473506,2025-05-26,Mumbai Indians,Punjab Kings,0,,,0.5555555555555556,0.7,159.97119341563786,155.96296296296296,160.0,160.0
1473509,2025-05-30,Mumbai Indians,Mumbai Indians,1,,,0.5535055350553506,0.7,159.97119341563786,155.96296296296296,160.0,160.0
1473510,2025-06-01,Mumbai Indians,Punjab Kings,0,,,0.5551470588235294,0.8,159.97119341563786,155.96296296296296,160.0,160.0
501202,2011-04-10,Pune Warriors,Pune Warriors,1,113.0,112.0,0.5,0.5,160.0,160.0,160.0,160.0
501207,2011-04-13,Pune Warriors,Pune Warriors,1,151.0,148.0,1.0,0.5,113.0,112.0,160.0,160.0
501213,2011-04-17,Pune Warriors,Delhi Daredevils,0,187.0,190.0,1.0,0.5,132.0,130.0,132.0,130.0
501218,2011-04-20,Pune Warriors,Mumbai Indians,0,118.0,124.0,0.6666666666666666,0.6666666666666666,150.33333333333334,150.0,150.33333333333334,150.0
501226,2011-04-25,Pune Warriors,Chennai Super Kings,0,117.0,142.0,0.5,0.5,142.25,143.5,142.25,143.5
501228,2011-04-27,Pune Warriors,Chennai Super Kings,0,141.0,145.0,0.4,0.4,137.2,143.2,137.2,143.2
501232,2011-04-29,Pune Warriors,Royal Challengers Bangalore,0,155.0,181.0,0.3333333333333333,0.3333333333333333,137.83333333333334,143.5,142.8,149.8
501235,2011-05-01,Pune Warriors,Rajasthan Royals,0,143.0,144.0,0.2857142857142857,0.2857142857142857,140.28571428571428,148.85714285714286,143.6,156.4
501241,2011-05-04,Pune Warriors,Mumbai Indians,0,139.0,160.0,0.25,0.25,140.625,148.25,134.8,147.2
501248,2011-05-08,Pune Warriors,Pune Warriors,1,120.0,119.0,0.2222222222222222,0.2222222222222222,140.44444444444446,149.55555555555554,139.0,154.4
501250,2011-05-10,Pune Warriors,Pune Warriors,1,137.0,136.0,0.3,0.3,138.4,146.5,139.6,149.8
501259,2011-05-16,Pune Warriors,Deccan Chargers,0,136.0,138.0,0.36363636363636365,0.3,138.27272727272728,145.54545454545453,138.8,148.0
501262,2011-05-19,Pune Warriors,Kolkata Knight Riders,0,118.0,119.0,0.3333333333333333,0.2,138.08333333333334,144.91666666666666,135.0,139.4
548308,2012-04-06,Pune Warriors,Pune Warriors,1,129.0,101.0,0.3076923076923077,0.2,136.53846153846155,142.92307692307693,130.0,134.4
548313,2012-04-08,Pune Warriors,Pune Warriors,1,166.0,144.0,0.35714285714285715,0.3,136.0,139.92857142857142,128.0,122.6
548319,2012-04-12,Pune Warriors,Kings XI Punjab,0,115.0,116.0,0.4,0.4,138.0,140.2,137.2,127.6
548322,2012-04-14,Pune Warriors,Pune Warriors,1,156.0,155.0,0.375,0.4,136.5625,138.6875,132.8,123.6
548327,2012-04-17,Pune Warriors,Royal Challengers Bangalore,0,182.0,186.0,0.4117647058823529,0.5,137.7058823529412,139.64705882352942,136.8,127.0
548330,2012-04-19,Pune Warriors,Chennai Super Kings,0,151.0,164.0,0.3888888888888889,0.5,140.16666666666666,142.22222222222223,149.6,140.4
548333,2012-04-21,Pune Warriors,Pune Warriors,1,192.0,172.0,0.3684210526315789,0.5,140.73684210526315,143.3684210526316,154.0,153.0
548337,2012-04-24,Pune Warriors,Delhi Daredevils,0,146.0,148.0,0.4,0.5,143.3,144.8,159.2,158.6
548341,2012-04-26,Pune Warriors,Deccan Chargers,0,159.0,177.0,0.38095238095238093,0.4,143.42857142857142,144.95238095238096,165.4,165.0
548348,2012-05-01,Pune Warriors,Deccan Chargers,0,173.0,186.0,0.36363636363636365,0.4,144.13636363636363,146.4090909090909,166.0,169.4
548351,2012-05-03,Pune Warriors,Mumbai Indians,0,119.0,120.0,0.34782608695652173,0.4,145.3913043478261,148.1304347826087,164.2,169.4
548353,2012-05-05,Pune Warriors,Kolkata Knight Riders,0,143.0,150.0,0.3333333333333333,0.3,144.29166666666666,146.95833333333334,157.8,160.6
548358,2012-05-08,Pune Warriors,Rajasthan Royals,0,125.0,126.0,0.32,0.2,144.24,147.08,148.0,156.2
548362,2012-05-11,Pune Warriors,Royal Challengers Bangalore,0,138.0,173.0,0.3076923076923077,0.2,143.5,146.26923076923077,143.8,151.8
548365,2012-05-13,Pune Warriors,Rajasthan Royals,0,125.0,170.0,0.2962962962962963,0.1,143.2962962962963,147.25925925925927,139.6,151.0
548375,2012-05-19,Pune Warriors,Kolkata Knight Riders,0,102.0,136.0,0.2857142857142857,0.1,142.64285714285714,148.07142857142858,130.0,147.8
598000,2013-04-05,Pune Warriors,Sunrisers Hyderabad,0,104.0,126.0,0.27586206896551724,0.1,141.24137931034483,147.6551724137931,126.6,151.0
598003,2013-04-07,Pune Warriors,Kings XI Punjab,0,99.0,100.0,0.26666666666666666,0.0,140.0,146.93333333333334,118.8,146.2
598009,2013-04-11,Pune Warriors,Pune Warriors,1,148.0,145.0,0.25806451612903225,0.0,138.67741935483872,145.41935483870967,113.6,141.0
598011,2013-04-13,Pune Warriors,Mumbai Indians,0,142.0,183.0,0.28125,0.1,138.96875,145.40625,115.6,135.4
598015,2013-04-15,Pune Warriors,Pune Warriors,1,159.0,135.0,0.2727272727272727,0.1,139.06060606060606,146.54545454545453,119.0,138.0
598018,2013-04-17,Pune Warriors,Sunrisers Hyderabad,0,108.0,119.0,0.29411764705882354,0.2,139.64705882352942,146.2058823529412,130.4,137.8
598025,2013-04-21,Pune Warriors,Kings XI Punjab,0,185.0,186.0,0.2857142857142857,0.2,138.74285714285713,145.42857142857142,131.2,136.4
598027,2013-04-23,Pune Warriors,Royal Challengers Bangalore,0,133.0,263.0,0.2777777777777778,0.2,140.02777777777777,146.55555555555554,148.4,153.6
598035,2013-04-28,Pune Warriors,Delhi Daredevils,0,149.0,164.0,0.2702702702702703,0.2,139.83783783783784,149.7027027027027,145.4,177.2
598038,2013-04-30,Pune Warriors,Chennai Super Kings,0,127.0,164.0,0.2631578947368421,0.2,140.07894736842104,150.07894736842104,146.8,173.4
598042,2013-05-02,Pune Warriors,Royal Challengers Bangalore,0,170.0,187.0,0.2564102564102564,0.2,139.74358974358975,150.43589743589743,140.4,179.2
598047,2013-05-05,Pune Warriors,Rajasthan Royals,0,178.0,182.0,0.25,0.2,140.5,151.35,152.8,192.8
598053,2013-05-09,Pune Warriors,Kolkata Knight Riders,0,106.0,152.0,0.24390243902439024,0.2,141.41463414634146,152.09756097560975,151.4,192.0
598055,2013-05-11,Pune Warriors,Mumbai Indians,0,112.0,116.0,0.23809523809523808,0.1,140.57142857142858,152.0952380952381,146.0,169.8
598061,2013-05-15,Pune Warriors,Pune Warriors,1,170.0,163.0,0.23255813953488372,0.1,139.90697674418604,151.25581395348837,138.6,160.2
598067,2013-05-19,Pune Warriors,Pune Warriors,1,172.0,134.0,0.25,0.1,140.5909090909091,151.52272727272728,147.2,160.0
1254061,2021-04-12,Punjab Kings,Punjab Kings,1,221.0,217.0,0.5,0.5,160.0,160.0,160.0,160.0
1254065,2021-04-16,Punjab Kings,Chennai Super Kings,0,106.0,107.0,1.0,0.5,221.0,217.0,160.0,160.0
1254068,2021-04-18,Punjab Kings,Delhi Capitals,0,195.0,198.0,0.5,0.5,163.5,162.0,163.5,162.0
1254071,2021-04-21,Punjab Kings,Sunrisers Hyderabad,0,120.0,121.0,0.3333333333333333,0.3333333333333333,174.0,174.0,174.0,174.0
1254074,2021-04-23,Punjab Kings,Punjab Kings,1,132.0,131.0,0.25,0.25,160.5,160.75,160.5,160.75
1254078,2021-04-26,Punjab Kings,Kolkata Knight Riders,0,123.0,126.0,0.4,0.4,154.8,154.8,154.8,154.8
1254083,2021-04-30,Punjab Kings,Punjab Kings,1,179.0,145.0,0.3333333333333333,0.3333333333333333,149.5,150.0,135.2,136.6
1254086,2021-05-02,Punjab Kings,Delhi Capitals,0,166.0,167.0,0.42857142857142855,0.42857142857142855,153.71428571428572,149.28571428571428,149.8,144.2
1254111,2021-09-21,Punjab Kings,Rajasthan Royals,0,183.0,185.0,0.375,0.375,155.25,151.5,144.0,138.0
1254107,2021-09-25,Punjab Kings,Punjab Kings,1,125.0,120.0,0.3333333333333333,0.3333333333333333,158.33333333333334,155.22222222222223,156.6,150.8
1254099,2021-09-28,Punjab Kings,Mumbai Indians,0,135.0,137.0,0.4,0.4,155.0,151.7,155.2,148.6
1254102,2021-10-01,Punjab Kings,Punjab Kings,1,168.0,165.0,0.36363636363636365,0.3,153.1818181818182,150.36363636363637,157.6,150.8
1254090,2021-10-03,Punjab Kings,Royal Challengers Bangalore,0,158.0,164.0,0.4166666666666667,0.4,154.41666666666666,151.58333333333334,155.4,154.8
1254094,2021-10-07,Punjab Kings,Punjab Kings,1,139.0,134.0,0.38461538461538464,0.4,154.69230769230768,152.53846153846155,153.8,154.2
1304049,2022-03-27,Punjab Kings,Punjab Kings,1,208.0,205.0,0.42857142857142855,0.5,153.57142857142858,151.21428571428572,145.0,144.0
1304054,2022-04-01,Punjab Kings,Kolkata Knight Riders,0,137.0,141.0,0.4666666666666667,0.5,157.2,154.8,161.6,161.0
1304057,2022-04-03,Punjab Kings,Punjab Kings,1,180.0,126.0,0.4375,0.5,155.9375,153.9375,162.0,161.8
1304062,2022-04-08,Punjab Kings,Gujarat Titans,0,189.0,190.0,0.47058823529411764,0.5,157.35294117647058,152.2941176470588,164.4,154.0
1304069,2022-04-13,Punjab Kings,Punjab Kings,1,198.0,186.0,0.4444444444444444,0.5,159.11111111111111,154.38888888888889,170.6,159.2
1304074,2022-04-17,Punjab Kings,Sunrisers Hyderabad,0,151.0,152.0,0.47368421052631576,0.6,161.1578947368421,156.05263157894737,182.4,169.6
1304078,2022-04-20,Punjab Kings,Delhi Capitals,0,115.0,119.0,0.45,0.5,160.65,155.85,171.0,159.0
1304084,2022-04-25,Punjab Kings,Punjab Kings,1,187.0,176.0,0.42857142857142855,0.5,158.47619047619048,154.0952380952381,166.6,154.6
1304088,2022-04-29,Punjab Kings,Lucknow Super Giants,0,133.0,153.0,0.45454545454545453,0.5,159.77272727272728,155.0909090909091,168.0,164.6
1304094,2022-05-03,Punjab Kings,Punjab Kings,1,145.0,143.0,0.43478260869565216,0.5,158.6086956521739,155.0,156.8,157.2
1304098,2022-05-07,Punjab Kings,Rajasthan Royals,0,189.0,190.0,0.4583333333333333,0.5,158.04166666666666,154.5,146.2,148.6
1304106,2022-05-13,Punjab Kings,Punjab Kings,1,209.0,155.0,0.44,0.4,159.28,155.92,153.8,156.2
1304110,2022-05-16,Punjab Kings,Delhi Capitals,0,142.0,159.0,0.46153846153846156,0.5,161.19230769230768,155.8846153846154,172.6,163.4
1304116,2022-05-22,Punjab Kings,Punjab Kings,1,160.0,157.0,0.4444444444444444,0.4,160.4814814814815,156.0,163.6,160.0
1359476,2023-04-01,Punjab Kings,Punjab Kings,1,191.0,146.0,0.4642857142857143,0.5,160.46428571428572,156.03571428571428,169.0,160.8
1359482,2023-04-05,Punjab Kings,Punjab Kings,1,197.0,192.0,0.4827586206896552,0.5,161.51724137931035,155.68965517241378,178.2,161.4
1359488,2023-04-09,Punjab Kings,Sunrisers Hyderabad,0,143.0,145.0,0.5,0.6,162.7,156.9,179.8,161.8
1359492,2023-04-13,Punjab Kings,Gujarat Titans,0,153.0,154.0,0.4838709677419355,0.6,162.06451612903226,156.51612903225808,166.6,159.8
1359495,2023-04-15,Punjab Kings,Punjab Kings,1,161.0,159.0,0.46875,0.5,161.78125,156.4375,168.8,158.8
1359501,2023-04-20,Punjab Kings,Royal Challengers Bangalore,0,150.0,174.0,0.48484848484848486,0.6,161.75757575757575,156.5151515151515,169.0,159.2
1359505,2023-04-22,Punjab Kings,Punjab Kings,1,214.0,201.0,0.47058823529411764,0.5,161.41176470588235,157.02941176470588,160.8,164.8
1359512,2023-04-28,Punjab Kings,Lucknow Super Giants,0,201.0,257.0,0.4857142857142857,0.6,162.9142857142857,158.28571428571428,164.2,166.6
1359515,2023-04-30,Punjab Kings,Punjab Kings,1,201.0,200.0,0.4722222222222222,0.5,163.97222222222223,161.02777777777777,175.8,189.0
1359520,2023-05-03,Punjab Kings,Mumbai Indians,0,214.0,216.0,0.4864864864864865,0.6,164.97297297297297,162.0810810810811,185.4,198.2
1359527,2023-05-08,Punjab Kings,Kolkata Knight Riders,0,179.0,182.0,0.47368421052631576,0.5,166.26315789473685,163.5,196.0,209.6
1359533,2023-05-13,Punjab Kings,Punjab Kings,1,167.0,136.0,0.46153846153846156,0.4,166.5897435897436,163.97435897435898,201.8,211.2
1359538,2023-05-17,Punjab Kings,Delhi Capitals,0,198.0,213.0,0.475,0.4,166.6,163.275,192.4,198.2
1359540,2023-05-19,Punjab Kings,Rajasthan Royals,0,187.0,189.0,0.4634146341463415,0.4,167.3658536585366,164.4878048780488,191.8,189.4
1422120,2024-03-23,Punjab Kings,Punjab Kings,1,,,0.4523809523809524,0.4,167.83333333333334,165.07142857142858,189.0,187.2
1422124,2024-03-25,Punjab Kings,Royal Challengers Bengaluru,0,,,0.46511627906976744,0.4,167.83333333333334,165.07142857142858,182.75,180.0
1422129,2024-03-30,Punjab Kings,Lucknow Super Giants,0,,,0.45454545454545453,0.4,167.83333333333334,165.07142857142858,184.0,179.33333333333334
1422135,2024-04-04,Punjab Kings,Punjab Kings,1,,,0.4444444444444444,0.3,167.83333333333334,165.07142857142858,192.5,201.0
1426261,2024-04-09,Punjab Kings,Sunrisers Hyderabad,0,,,0.45652173913043476,0.4,167.83333333333334,165.07142857142858,160.0,160.0
1426265,2024-04-13,Punjab Kings,Rajasthan Royals,0,,,0.44680851063829785,0.3,167.83333333333334,165.07142857142858,160.0,160.0
1426271,2024-04-18,Punjab Kings,Mumbai Indians,0,,,0.4375,0.3,167.83333333333334,165.07142857142858,160.0,160.0
1426275,2024-04-21,Punjab Kings,Gujarat Titans,0,,,0.42857142857142855,0.3,167.83333333333334,165.07142857142858,160.0,160.0
1426280,2024-04-26,Punjab Kings,Punjab Kings,1,,,0.42,0.2,167.83333333333334,165.07142857142858,160.0,160.0
1426287,2024-05-01,Punjab Kings,Punjab Kings,1,,,0.43137254901960786,0.3,167.83333333333334,165.07142857142858,160.0,160.0
1426291,2024-05-05,Punjab Kings,Chennai Super Kings,0,,,0.4423076923076923,0.4,167.83333333333334,165.07142857142858,160.0,160.0
1426296,2024-05-09,Punjab Kings,Royal Challengers Bengaluru,0,,,0.4339622641509434,0.3,167.83333333333334,165.07142857142858,160.0,160.0
1426303,2024-05-15,Punjab Kings,Punjab Kings,1,,,0.42592592592592593,0.3,167.83333333333334,165.07142857142858,160.0,160.0
1426307,2024-05-19,Punjab Kings,Sunrisers Hyderabad,0,,,0.43636363636363634,0.4,167.83333333333334,165.07142857142858,160.0,160.0
1473442,2025-03-25,Punjab Kings,Punjab Kings,1,,,0.42857142857142855,0.3,167.83333333333334,165.07142857142858,160.0,160.0
1473450,2025-04-01,Punjab Kings,Punjab Kings,1,,,0.43859649122807015,0.4,167.83333333333334,165.07142857142858,160.0,160.0
1473455,2025-04-05,Punjab Kings,Rajasthan Royals,0,,,0.4482758620689655,0.5,167.83333333333334,165.07142857142858,160.0,160.0
1473459,2025-04-08,Punjab Kings,Punjab Kings,1,,,0.4406779661016949,0.5,167.83333333333334,165.07142857142858,160.0,160.0
1473464,2025-04-12,Punjab Kings,Sunrisers Hyderabad,0,,,0.45,0.6,167.83333333333334,165.07142857142858,160.0,160.0
1473468,2025-04-15,Punjab Kings,Punjab Kings,1,,,0.4426229508196721,0.5,167.83333333333334,165.07142857142858,160.0,160.0
1473471,2025-04-18,Punjab Kings,Punjab Kings,1,,,0.45161290322580644,0.5,167.83333333333334,165.07142857142858,160.0,160.0
1473474,2025-04-20,Punjab Kings,Royal Challengers Bengaluru,0,,,0.4603174603174603,0.6,167.83333333333334,165.07142857142858,160.0,160.0
1473486,2025-04-30,Punjab Kings,Punjab Kings,1,,,0.453125,0.6,167.83333333333334,165.07142857142858,160.0,160.0
1473491,2025-05-04,Punjab Kings,Punjab Kings,1,,,0.46153846153846156,0.6,167.83333333333334,165.07142857142858,160.0,160.0
1473497,2025-05-18,Punjab Kings,Punjab Kings,1,,,0.4696969696969697,0.7,167.83333333333334,165.07142857142858,160.0,160.0
1485779,2025-05-24,Punjab Kings,Delhi Capitals,0,,,0.47761194029850745,0.7,167.83333333333334,165.07142857142858,160.0,160.0
1473506,2025-05-26,Punjab Kings,Punjab Kings,1,,,0.47058823529411764,0.6,167.83333333333334,165.07142857142858,160.0,160.0
1473508,2025-05-29,Punjab Kings,Royal Challengers Bengaluru,0,,,0.4782608695652174,0.7,167.83333333333334,165.07142857142858,160.0,160.0
1473510,2025-06-01,Punjab Kings,Punjab Kings,1,,,0.4714285714285714,0.6,167.83333333333334,165.07142857142858,160.0,160.0
1473511,2025-06-03,Punjab Kings,Royal Challengers Bengaluru,0,,,0.4788732394366197,0.7,167.83333333333334,165.07142857142858,160.0,160.0
335984,2008-04-19,Rajasthan Royals,Delhi Daredevils,0,129.0,132.0,0.5,0.5,160.0,160.0,160.0,160.0
335987,2008-04-21,Rajasthan Royals,Rajasthan Royals,1,168.0,166.0,0.0,0.5,129.0,132.0,160.0,160.0
335990,2008-04-24,Rajasthan Royals,Rajasthan Royals,1,217.0,214.0,0.5,0.5,148.5,149.0,148.5,149.0
335992,2008-04-26,Rajasthan Royals,Rajasthan Royals,1,138.0,135.0,0.6666666666666666,0.6666666666666666,171.33333333333334,170.66666666666666,171.33333333333334,170.66666666666666
336000,2008-05-01,Rajasthan Royals,Rajasthan Royals,1,196.0,151.0,0.75,0.75,163.0,161.75,163.0,161.75
336005,2008-05-04,Rajasthan Royals,Rajasthan Royals,1,110.0,109.0,0.8,0.8,169.6,159.6,169.6,159.6
336008,2008-05-07,Rajasthan Royals,Mumbai Indians,0,103.0,104.0,0.8333333333333334,0.8333333333333334,159.66666666666666,151.16666666666666,165.8,155.0
336011,2008-05-09,Rajasthan Royals,Rajasthan Royals,1,141.0,140.0,0.7142857142857143,0.7142857142857143,151.57142857142858,144.42857142857142,152.8,142.6
336015,2008-05-11,Rajasthan Royals,Rajasthan Royals,1,159.0,156.0,0.75,0.75,150.25,143.875,137.6,127.8
336023,2008-05-17,Rajasthan Royals,Rajasthan Royals,1,197.0,132.0,0.7777777777777778,0.7777777777777778,151.22222222222223,145.22222222222223,141.8,132.0
336027,2008-05-20,Rajasthan Royals,Rajasthan Royals,1,150.0,147.0,0.8,0.8,155.8,143.9,142.0,128.2
336033,2008-05-24,Rajasthan Royals,Rajasthan Royals,1,211.0,201.0,0.8181818181818182,0.9,155.27272727272728,144.1818181818182,150.0,135.8
336036,2008-05-26,Rajasthan Royals,Rajasthan Royals,1,146.0,145.0,0.8333333333333334,0.9,159.91666666666666,148.91666666666666,171.6,155.2
336019,2008-05-28,Rajasthan Royals,Kings XI Punjab,0,180.0,221.0,0.8461538461538461,0.9,158.84615384615384,148.6153846153846,172.6,156.2
336038,2008-05-30,Rajasthan Royals,Rajasthan Royals,1,192.0,87.0,0.7857142857142857,0.8,160.35714285714286,153.78571428571428,176.8,169.2
336040,2008-06-01,Rajasthan Royals,Rajasthan Royals,1,164.0,163.0,0.8,0.8,162.46666666666667,149.33333333333334,175.8,160.2
392182,2009-04-18,Rajasthan Royals,Royal Challengers Bangalore,0,58.0,133.0,0.8125,0.8,162.5625,150.1875,178.6,163.4
392195,2009-04-26,Rajasthan Royals,Kings XI Punjab,0,112.0,139.0,0.7647058823529411,0.8,156.41176470588235,149.1764705882353,148.0,149.8
392198,2009-04-28,Rajasthan Royals,Rajasthan Royals,1,147.0,143.0,0.7222222222222222,0.7,153.94444444444446,148.61111111111111,141.2,148.6
392202,2009-04-30,Rajasthan Royals,Chennai Super Kings,0,126.0,164.0,0.7368421052631579,0.7,153.57894736842104,148.31578947368422,134.6,133.0
392205,2009-05-02,Rajasthan Royals,Rajasthan Royals,1,142.0,141.0,0.7,0.6,152.2,149.1,121.4,148.4
392210,2009-05-05,Rajasthan Royals,Rajasthan Royals,1,211.0,133.0,0.7142857142857143,0.6,151.71428571428572,148.71428571428572,117.0,144.0
392213,2009-05-07,Rajasthan Royals,Rajasthan Royals,1,107.0,105.0,0.7272727272727273,0.6,154.4090909090909,148.0,147.6,144.0
392217,2009-05-09,Rajasthan Royals,Chennai Super Kings,0,140.0,141.0,0.7391304347826086,0.6,152.34782608695653,146.1304347826087,146.6,137.2
392220,2009-05-11,Rajasthan Royals,Deccan Chargers,0,113.0,166.0,0.7083333333333334,0.6,151.83333333333334,145.91666666666666,145.2,136.8
392225,2009-05-14,Rajasthan Royals,Rajasthan Royals,1,145.0,143.0,0.68,0.5,150.28,146.72,142.6,137.2
392230,2009-05-17,Rajasthan Royals,Delhi Daredevils,0,136.0,150.0,0.6923076923076923,0.5,150.07692307692307,146.57692307692307,143.2,137.6
392233,2009-05-20,Rajasthan Royals,Kolkata Knight Riders,0,101.0,102.0,0.6666666666666666,0.5,149.55555555555554,146.7037037037037,128.2,141.0
419107,2010-03-13,Rajasthan Royals,Mumbai Indians,0,208.0,212.0,0.6428571428571429,0.5,147.82142857142858,145.10714285714286,127.0,140.4
419111,2010-03-15,Rajasthan Royals,Delhi Daredevils,0,141.0,142.0,0.6206896551724138,0.4,149.89655172413794,147.41379310344828,140.6,154.6
419115,2010-03-18,Rajasthan Royals,Royal Challengers Bangalore,0,92.0,93.0,0.6,0.4,149.6,147.23333333333332,146.2,149.8
419118,2010-03-20,Rajasthan Royals,Rajasthan Royals,1,168.0,134.0,0.5806451612903226,0.3,147.74193548387098,145.48387096774192,135.6,139.8
419124,2010-03-24,Rajasthan Royals,Rajasthan Royals,1,183.0,152.0,0.59375,0.3,148.375,145.125,142.0,136.6
419126,2010-03-26,Rajasthan Royals,Rajasthan Royals,1,151.0,148.0,0.6060606060606061,0.3,149.42424242424244,145.33333333333334,158.4,146.6
419129,2010-03-28,Rajasthan Royals,Rajasthan Royals,1,177.0,160.0,0.6176470588235294,0.4,149.47058823529412,145.41176470588235,147.0,133.8
419134,2010-03-31,Rajasthan Royals,Delhi Daredevils,0,121.0,188.0,0.6285714285714286,0.5,150.25714285714287,145.82857142857142,154.2,137.4
419137,2010-04-03,Rajasthan Royals,Chennai Super Kings,0,223.0,246.0,0.6111111111111112,0.4,149.44444444444446,147.0,160.0,156.4
419141,2010-04-05,Rajasthan Royals,Rajasthan Royals,1,159.0,157.0,0.5945945945945946,0.4,151.43243243243242,149.67567567567568,171.0,178.8
419143,2010-04-07,Rajasthan Royals,Rajasthan Royals,1,157.0,153.0,0.6052631578947368,0.5,151.6315789473684,149.8684210526316,166.2,179.8
419150,2010-04-11,Rajasthan Royals,Mumbai Indians,0,137.0,174.0,0.6153846153846154,0.6,151.76923076923077,149.94871794871796,167.4,180.8
419154,2010-04-14,Rajasthan Royals,Royal Challengers Bangalore,0,130.0,132.0,0.6,0.6,151.4,150.55,159.4,183.6
419158,2010-04-17,Rajasthan Royals,Kolkata Knight Riders,0,132.0,133.0,0.5853658536585366,0.6,150.8780487804878,150.09756097560975,161.2,172.4
501199,2011-04-09,Rajasthan Royals,Rajasthan Royals,1,141.0,137.0,0.5714285714285714,0.5,150.42857142857142,149.6904761904762,143.0,149.8
501204,2011-04-12,Rajasthan Royals,Rajasthan Royals,1,152.0,151.0,0.5813953488372093,0.5,150.2093023255814,149.3953488372093,139.4,145.8
501209,2011-04-15,Rajasthan Royals,Kolkata Knight Riders,0,159.0,160.0,0.5909090909090909,0.5,150.25,149.4318181818182,138.4,145.4
501214,2011-04-17,Rajasthan Royals,Kolkata Knight Riders,0,81.0,85.0,0.5777777777777777,0.4,150.44444444444446,149.66666666666666,142.8,142.6
501220,2011-04-21,Rajasthan Royals,Kings XI Punjab,0,147.0,195.0,0.5652173913043478,0.4,148.93478260869566,148.2608695652174,133.0,133.2
501225,2011-04-24,Rajasthan Royals,Rajasthan Royals,1,111.0,109.0,0.5531914893617021,0.4,148.89361702127658,149.25531914893617,136.0,145.6
501231,2011-04-29,Rajasthan Royals,Rajasthan Royals,1,95.0,94.0,0.5625,0.4,148.10416666666666,148.41666666666666,130.0,140.0
501235,2011-05-01,Rajasthan Royals,Rajasthan Royals,1,144.0,143.0,0.5714285714285714,0.4,147.0204081632653,147.30612244897958,118.6,128.6
501240,2011-05-04,Rajasthan Royals,Chennai Super Kings,0,147.0,149.0,0.58,0.5,146.96,147.22,115.6,125.2
501249,2011-05-09,Rajasthan Royals,Chennai Super Kings,0,133.0,196.0,0.5686274509803921,0.5,146.9607843137255,147.2549019607843,128.8,138.0
501252,2011-05-11,Rajasthan Royals,Royal Challengers Bangalore,0,146.0,151.0,0.5576923076923077,0.5,146.69230769230768,148.19230769230768,126.0,138.2
501258,2011-05-15,Rajasthan Royals,Kochi Tuskers Kerala,0,97.0,98.0,0.5471698113207547,0.4,146.67924528301887,148.24528301886792,133.0,146.6
501263,2011-05-20,Rajasthan Royals,Rajasthan Royals,1,134.0,133.0,0.5370370370370371,0.3,145.75925925925927,147.3148148148148,133.4,147.4
548309,2012-04-06,Rajasthan Royals,Rajasthan Royals,1,191.0,160.0,0.5454545454545454,0.4,145.54545454545453,147.05454545454546,131.4,145.4
548312,2012-04-08,Rajasthan Royals,Rajasthan Royals,1,164.0,142.0,0.5535714285714286,0.5,146.35714285714286,147.28571428571428,140.2,147.6
548317,2012-04-11,Rajasthan Royals,Mumbai Indians,0,170.0,197.0,0.5614035087719298,0.6,146.66666666666666,147.19298245614036,146.4,136.8
548320,2012-04-13,Rajasthan Royals,Kolkata Knight Riders,0,131.0,137.0,0.5517241379310345,0.5,147.06896551724137,148.05172413793105,151.2,146.0
548324,2012-04-15,Rajasthan Royals,Rajasthan Royals,1,195.0,136.0,0.5423728813559322,0.4,146.79661016949152,147.864406779661,158.0,153.8
548326,2012-04-17,Rajasthan Royals,Rajasthan Royals,1,197.0,196.0,0.55,0.4,147.6,147.66666666666666,170.2,154.4
548332,2012-04-21,Rajasthan Royals,Chennai Super Kings,0,146.0,147.0,0.5573770491803278,0.5,148.40983606557376,148.45901639344262,171.4,161.6
548336,2012-04-23,Rajasthan Royals,Royal Challengers Bangalore,0,143.0,189.0,0.5483870967741935,0.5,148.3709677419355,148.43548387096774,167.8,162.6
548345,2012-04-29,Rajasthan Royals,Delhi Daredevils,0,151.0,152.0,0.5396825396825397,0.5,148.28571428571428,149.0793650793651,162.4,161.0
548349,2012-05-01,Rajasthan Royals,Delhi Daredevils,0,141.0,144.0,0.53125,0.5,148.328125,149.125,166.4,164.0
548354,2012-05-05,Rajasthan Royals,Rajasthan Royals,1,177.0,134.0,0.5230769230769231,0.4,148.2153846153846,149.04615384615386,155.6,165.6
548358,2012-05-08,Rajasthan Royals,Rajasthan Royals,1,126.0,125.0,0.5303030303030303,0.4,148.65151515151516,148.8181818181818,151.6,153.2
548361,2012-05-10,Rajasthan Royals,Chennai Super Kings,0,126.0,127.0,0.5373134328358209,0.4,148.3134328358209,148.46268656716418,147.6,148.8
548365,2012-05-13,Rajasthan Royals,Rajasthan Royals,1,170.0,125.0,0.5294117647058824,0.4,147.98529411764707,148.14705882352942,144.2,136.4
548373,2012-05-18,Rajasthan Royals,Deccan Chargers,0,126.0,128.0,0.5362318840579711,0.5,148.30434782608697,147.81159420289856,148.0,131.0
548377,2012-05-20,Rajasthan Royals,Mumbai Indians,0,162.0,163.0,0.5285714285714286,0.4,147.9857142857143,147.52857142857144,145.0,127.8
598001,2013-04-06,Rajasthan Royals,Rajasthan Royals,1,165.0,160.0,0.5211267605633803,0.3,148.18309859154928,147.74647887323943,142.0,133.6
598005,2013-04-08,Rajasthan Royals,Rajasthan Royals,1,144.0,125.0,0.5277777777777778,0.4,148.41666666666666,147.91666666666666,149.8,140.6
598009,2013-04-11,Rajasthan Royals,Pune Warriors,0,145.0,148.0,0.5342465753424658,0.5,148.35616438356163,147.6027397260274,153.4,140.2
598014,2013-04-14,Rajasthan Royals,Rajasthan Royals,1,126.0,124.0,0.527027027027027,0.5,148.3108108108108,147.6081081081081,148.4,144.8
598019,2013-04-17,Rajasthan Royals,Rajasthan Royals,1,179.0,92.0,0.5333333333333333,0.6,148.01333333333332,147.29333333333332,148.4,144.0
598023,2013-04-20,Rajasthan Royals,Royal Challengers Bangalore,0,117.0,123.0,0.5394736842105263,0.6,148.42105263157896,146.56578947368422,151.8,129.8
598026,2013-04-22,Rajasthan Royals,Chennai Super Kings,0,185.0,186.0,0.5324675324675324,0.5,148.01298701298703,146.25974025974025,142.2,122.4
598032,2013-04-27,Rajasthan Royals,Rajasthan Royals,1,146.0,144.0,0.5256410256410257,0.5,148.48717948717947,146.76923076923077,150.4,134.6
598036,2013-04-29,Rajasthan Royals,Rajasthan Royals,1,173.0,171.0,0.5316455696202531,0.5,148.45569620253164,146.73417721518987,150.6,133.8
598043,2013-05-03,Rajasthan Royals,Kolkata Knight Riders,0,132.0,133.0,0.5375,0.6,148.7625,147.0375,160.0,143.2
598047,2013-05-05,Rajasthan Royals,Rajasthan Royals,1,182.0,178.0,0.5308641975308642,0.6,148.55555555555554,146.8641975308642,150.6,151.4
598049,2013-05-07,Rajasthan Royals,Rajasthan Royals,1,155.0,154.0,0.5365853658536586,0.6,148.96341463414635,147.2439024390244,163.6,162.4
598052,2013-05-09,Rajasthan Royals,Rajasthan Royals,1,147.0,145.0,0.5421686746987951,0.6,149.03614457831324,147.32530120481928,157.6,156.0
598058,2013-05-12,Rajasthan Royals,Rajasthan Royals,1,144.0,141.0,0.5476190476190477,0.7,149.01190476190476,147.29761904761904,157.8,156.2
598063,2013-05-15,Rajasthan Royals,Mumbai Indians,0,152.0,166.0,0.5529411764705883,0.7,148.95294117647057,147.2235294117647,152.0,150.2
598065,2013-05-17,Rajasthan Royals,Sunrisers Hyderabad,0,113.0,136.0,0.5465116279069767,0.6,148.98837209302326,147.4418604651163,156.0,156.8
598071,2013-05-22,Rajasthan Royals,Rajasthan Royals,1,135.0,132.0,0.5402298850574713,0.6,148.57471264367817,147.31034482758622,142.2,148.4
598072,2013-05-24,Rajasthan Royals,Mumbai Indians,0,165.0,169.0,0.5454545454545454,0.7,148.42045454545453,147.13636363636363,138.2,144.0
729285,2014-04-18,Rajasthan Royals,Rajasthan Royals,1,135.0,133.0,0.5393258426966292,0.6,148.6067415730337,147.38202247191012,141.8,148.8
729291,2014-04-20,Rajasthan Royals,Kings XI Punjab,0,191.0,193.0,0.5444444444444444,0.6,148.45555555555555,147.22222222222223,140.0,147.2
729297,2014-04-23,Rajasthan Royals,Chennai Super Kings,0,133.0,140.0,0.5384615384615384,0.6,148.92307692307693,147.72527472527472,147.8,152.6
729305,2014-04-26,Rajasthan Royals,Rajasthan Royals,1,71.0,70.0,0.532608695652174,0.5,148.75,147.6413043478261,151.8,153.4
733975,2014-05-03,Rajasthan Royals,Rajasthan Royals,1,156.0,152.0,0.5376344086021505,0.5,147.91397849462365,146.80645161290323,139.0,141.0
733979,2014-05-05,Rajasthan Royals,Rajasthan Royals,1,170.0,160.0,0.5425531914893617,0.5,148.0,146.86170212765958,137.2,137.6
733989,2014-05-08,Rajasthan Royals,Sunrisers Hyderabad,0,102.0,134.0,0.5473684210526316,0.5,148.23157894736843,147.0,144.2,143.0
733999,2014-05-11,Rajasthan Royals,Rajasthan Royals,1,191.0,190.0,0.5416666666666666,0.5,147.75,146.86458333333334,126.4,131.2
734003,2014-05-13,Rajasthan Royals,Chennai Super Kings,0,148.0,149.0,0.5463917525773195,0.6,148.1958762886598,147.30927835051546,138.0,141.2
734011,2014-05-15,Rajasthan Royals,Rajasthan Royals,1,201.0,139.0,0.5408163265306123,0.5,148.19387755102042,147.3265306122449,153.4,157.0
734017,2014-05-19,Rajasthan Royals,Mumbai Indians,0,153.0,178.0,0.5454545454545454,0.6,148.72727272727272,147.24242424242425,162.4,154.4
734033,2014-05-23,Rajasthan Royals,Kings XI Punjab,0,163.0,179.0,0.54,0.5,148.77,147.55,159.0,158.0
734041,2014-05-25,Rajasthan Royals,Mumbai Indians,0,189.0,195.0,0.5346534653465347,0.5,148.9108910891089,147.86138613861385,171.2,167.0
829709,2015-04-10,Rajasthan Royals,Rajasthan Royals,1,162.0,136.0,0.5294117647058824,0.5,149.30392156862746,148.3235294117647,170.8,168.0
829715,2015-04-12,Rajasthan Royals,Rajasthan Royals,1,186.0,184.0,0.5339805825242718,0.5,149.4271844660194,148.20388349514562,173.6,165.4
829721,2015-04-14,Rajasthan Royals,Rajasthan Royals,1,165.0,164.0,0.5384615384615384,0.5,149.77884615384616,148.54807692307693,170.6,174.4
829727,2015-04-16,Rajasthan Royals,Rajasthan Royals,1,131.0,127.0,0.5428571428571428,0.5,149.92380952380952,148.6952380952381,173.0,171.6
829735,2015-04-19,Rajasthan Royals,Rajasthan Royals,1,157.0,156.0,0.5471698113207547,0.6,149.74528301886792,148.49056603773585,166.6,161.2
829749,2015-04-24,Rajasthan Royals,Royal Challengers Bangalore,0,130.0,134.0,0.5514018691588785,0.6,149.81308411214954,148.5607476635514,160.2,153.4
829769,2015-05-01,Rajasthan Royals,Mumbai Indians,0,179.0,187.0,0.5462962962962963,0.6,149.62962962962962,148.42592592592592,153.8,153.0
829777,2015-05-03,Rajasthan Royals,Rajasthan Royals,1,189.0,175.0,0.5412844036697247,0.5,149.89908256880733,148.77981651376146,152.4,153.6
829787,2015-05-07,Rajasthan Royals,Sunrisers Hyderabad,0,194.0,201.0,0.5454545454545454,0.6,150.25454545454545,149.01818181818183,157.2,155.8
829797,2015-05-10,Rajasthan Royals,Chennai Super Kings,0,145.0,157.0,0.5405405405405406,0.6,150.64864864864865,149.48648648648648,169.8,170.6
829811,2015-05-16,Rajasthan Royals,Rajasthan Royals,1,199.0,190.0,0.5357142857142857,0.6,150.59821428571428,149.55357142857142,167.4,170.8
829819,2015-05-20,Rajasthan Royals,Royal Challengers Bangalore,0,109.0,180.0,0.5398230088495575,0.6,151.02654867256638,149.91150442477877,181.2,182.0
1136564,2018-04-09,Rajasthan Royals,Sunrisers Hyderabad,0,125.0,127.0,0.5350877192982456,0.5,150.6578947368421,150.17543859649123,167.2,180.6
1136566,2018-04-11,Rajasthan Royals,Rajasthan Royals,1,153.0,60.0,0.5304347826086957,0.4,150.43478260869566,149.97391304347826,154.4,171.0
1136571,2018-04-15,Rajasthan Royals,Rajasthan Royals,1,217.0,198.0,0.5344827586206896,0.4,150.45689655172413,149.19827586206895,146.2,142.8
1136575,2018-04-18,Rajasthan Royals,Kolkata Knight Riders,0,160.0,163.0,0.5384615384615384,0.4,151.02564102564102,149.6153846153846,160.6,151.0
1136577,2018-04-20,Rajasthan Royals,Chennai Super Kings,0,140.0,204.0,0.5338983050847458,0.4,151.10169491525423,149.72881355932202,152.8,145.6
1136581,2018-04-22,Rajasthan Royals,Rajasthan Royals,1,168.0,167.0,0.5294117647058824,0.4,151.00840336134453,150.18487394957984,159.0,150.4
1136588,2018-04-29,Rajasthan Royals,Sunrisers Hyderabad,0,140.0,151.0,0.5333333333333333,0.4,151.15,150.325,167.6,158.4
1136592,2018-05-02,Rajasthan Royals,Delhi Daredevils,0,146.0,196.0,0.5289256198347108,0.4,151.05785123966942,150.3305785123967,165.0,176.6
1136598,2018-05-06,Rajasthan Royals,Kings XI Punjab,0,152.0,155.0,0.5245901639344263,0.4,151.01639344262296,150.70491803278688,150.8,176.2
1136600,2018-05-08,Rajasthan Royals,Rajasthan Royals,1,158.0,143.0,0.5203252032520326,0.3,151.02439024390245,150.739837398374,149.2,174.6
1136603,2018-05-11,Rajasthan Royals,Rajasthan Royals,1,177.0,176.0,0.5241935483870968,0.4,151.08064516129033,150.67741935483872,152.8,162.4
1136607,2018-05-13,Rajasthan Royals,Rajasthan Royals,1,171.0,168.0,0.528,0.5,151.288,150.88,154.6,164.2
1136609,2018-05-15,Rajasthan Royals,Kolkata Knight Riders,0,142.0,145.0,0.5317460317460317,0.5,151.44444444444446,151.015873015873,160.8,167.6
1136613,2018-05-19,Rajasthan Royals,Rajasthan Royals,1,164.0,134.0,0.5275590551181102,0.4,151.37007874015748,150.96850393700788,160.0,157.4
1136618,2018-05-23,Rajasthan Royals,Kolkata Knight Riders,0,144.0,169.0,0.53125,0.5,151.46875,150.8359375,162.4,153.2
1175359,2019-03-25,Rajasthan Royals,Kings XI Punjab,0,170.0,184.0,0.5271317829457365,0.5,151.4108527131783,150.97674418604652,159.6,158.4
1175363,2019-03-29,Rajasthan Royals,Sunrisers Hyderabad,0,198.0,201.0,0.5230769230769231,0.4,151.55384615384617,151.23076923076923,158.2,160.0
1175367,2019-03-31,Rajasthan Royals,Chennai Super Kings,0,167.0,175.0,0.5190839694656488,0.4,151.9083969465649,151.61068702290078,163.6,166.6
1175369,2019-04-02,Rajasthan Royals,Rajasthan Royals,1,164.0,158.0,0.5151515151515151,0.4,152.02272727272728,151.78787878787878,168.6,172.6
1178396,2019-04-07,Rajasthan Royals,Kolkata Knight Riders,0,139.0,140.0,0.518796992481203,0.5,152.11278195488723,151.8345864661654,168.6,177.4
1178400,2019-04-11,Rajasthan Royals,Chennai Super Kings,0,151.0,155.0,0.5149253731343284,0.4,152.01492537313433,151.7462686567164,167.6,171.6
1178402,2019-04-13,Rajasthan Royals,Rajasthan Royals,1,188.0,187.0,0.5111111111111111,0.3,152.0074074074074,151.77037037037036,163.8,165.8
1178407,2019-04-16,Rajasthan Royals,Kings XI Punjab,0,170.0,182.0,0.5147058823529411,0.3,152.27205882352942,152.02941176470588,161.8,163.0
1178411,2019-04-20,Rajasthan Royals,Rajasthan Royals,1,162.0,161.0,0.5109489051094891,0.3,152.4014598540146,152.24817518248176,162.4,164.4
1178415,2019-04-22,Rajasthan Royals,Delhi Capitals,0,191.0,193.0,0.5144927536231884,0.3,152.47101449275362,152.31159420289856,162.0,165.0
1178418,2019-04-25,Rajasthan Royals,Rajasthan Royals,1,177.0,175.0,0.5107913669064749,0.3,152.74820143884892,152.6043165467626,172.4,175.6
1178420,2019-04-27,Rajasthan Royals,Rajasthan Royals,1,161.0,160.0,0.5142857142857142,0.4,152.92142857142858,152.7642857142857,177.6,179.6
1178428,2019-05-04,Rajasthan Royals,Delhi Capitals,0,115.0,121.0,0.5177304964539007,0.5,152.9787234042553,152.81560283687944,172.2,174.2
1216496,2020-09-22,Rajasthan Royals,Rajasthan Royals,1,216.0,200.0,0.5140845070422535,0.5,152.7112676056338,152.59154929577466,161.2,162.0
1216527,2020-09-27,Rajasthan Royals,Rajasthan Royals,1,226.0,223.0,0.5174825174825175,0.5,153.15384615384616,152.92307692307693,172.0,169.8
1216504,2020-09-30,Rajasthan Royals,Kolkata Knight Riders,0,137.0,174.0,0.5208333333333334,0.6,153.65972222222223,153.40972222222223,179.0,175.8
1216514,2020-10-03,Rajasthan Royals,Royal Challengers Bangalore,0,154.0,158.0,0.5172413793103449,0.6,153.5448275862069,153.55172413793105,171.0,175.6
1216511,2020-10-06,Rajasthan Royals,Mumbai Indians,0,136.0,193.0,0.5136986301369864,0.5,153.54794520547946,153.58219178082192,169.6,175.2
1216500,2020-10-09,Rajasthan Royals,Delhi Capitals,0,138.0,184.0,0.5102040816326531,0.5,153.42857142857142,153.85034013605443,173.8,189.6
1216507,2020-10-11,Rajasthan Royals,Rajasthan Royals,1,163.0,158.0,0.5067567567567568,0.4,153.32432432432432,154.05405405405406,158.2,186.4
1216543,2020-10-14,Rajasthan Royals,Delhi Capitals,0,148.0,161.0,0.5100671140939598,0.5,153.38926174496643,154.08053691275168,145.6,173.4
1216522,2020-10-17,Rajasthan Royals,Royal Challengers Bangalore,0,177.0,179.0,0.5066666666666667,0.4,153.35333333333332,154.12666666666667,147.8,170.8
1216533,2020-10-19,Rajasthan Royals,Rajasthan Royals,1,126.0,125.0,0.5033112582781457,0.3,153.50993377483445,154.2913907284768,152.4,175.0
1216518,2020-10-22,Rajasthan Royals,Sunrisers Hyderabad,0,154.0,156.0,0.506578947368421,0.4,153.32894736842104,154.09868421052633,150.4,161.4
1216541,2020-10-25,Rajasthan Royals,Rajasthan Royals,1,196.0,195.0,0.5032679738562091,0.3,153.33333333333334,154.11111111111111,153.6,155.8
1216537,2020-10-30,Rajasthan Royals,Rajasthan Royals,1,186.0,185.0,0.5064935064935064,0.3,153.6103896103896,154.37662337662337,160.2,163.2
1216530,2020-11-01,Rajasthan Royals,Kolkata Knight Riders,0,131.0,191.0,0.5096774193548387,0.4,153.81935483870967,154.5741935483871,167.8,168.0
1254061,2021-04-12,Rajasthan Royals,Punjab Kings,0,217.0,221.0,0.5064102564102564,0.4,153.67307692307693,154.80769230769232,158.6,170.4
1254064,2021-04-15,Rajasthan Royals,Rajasthan Royals,1,150.0,147.0,0.5031847133757962,0.4,154.0764331210191,155.22929936305732,176.8,189.6
1254069,2021-04-19,Rajasthan Royals,Chennai Super Kings,0,143.0,188.0,0.5063291139240507,0.5,154.0506329113924,155.1772151898734,176.0,187.8
1254073,2021-04-22,Rajasthan Royals,Royal Challengers Bangalore,0,177.0,181.0,0.5031446540880503,0.4,153.9811320754717,155.38364779874215,165.4,186.4
1254075,2021-04-24,Rajasthan Royals,Rajasthan Royals,1,134.0,133.0,0.5,0.4,154.125,155.54375,163.6,185.6
1254081,2021-04-29,Rajasthan Royals,Mumbai Indians,0,171.0,172.0,0.5031055900621118,0.5,154.0,155.40372670807454,164.2,174.0
1254085,2021-05-02,Rajasthan Royals,Rajasthan Royals,1,220.0,165.0,0.5,0.4,154.10493827160494,155.50617283950618,155.0,164.2
1254111,2021-09-21,Rajasthan Royals,Rajasthan Royals,1,185.0,183.0,0.5030674846625767,0.5,154.50920245398774,155.56441717791412,169.0,167.8
1254097,2021-09-25,Rajasthan Royals,Delhi Capitals,0,121.0,154.0,0.5060975609756098,0.5,154.6951219512195,155.73170731707316,177.4,166.8
1254100,2021-09-27,Rajasthan Royals,Sunrisers Hyderabad,0,164.0,167.0,0.503030303030303,0.4,154.4909090909091,155.72121212121212,166.2,161.4
1254103,2021-09-29,Rajasthan Royals,Royal Challengers Bangalore,0,149.0,153.0,0.5,0.4,154.54819277108433,155.789156626506,172.2,168.2
1254089,2021-10-02,Rajasthan Royals,Rajasthan Royals,1,190.0,189.0,0.49700598802395207,0.4,154.51497005988023,155.77245508982037,167.8,164.4
1254093,2021-10-05,Rajasthan Royals,Mumbai Indians,0,90.0,94.0,0.5,0.4,154.72619047619048,155.9702380952381,161.8,169.2
1254106,2021-10-07,Rajasthan Royals,Kolkata Knight Riders,0,85.0,171.0,0.4970414201183432,0.4,154.34319526627218,155.60355029585799,142.8,151.4
1304051,2022-03-29,Rajasthan Royals,Rajasthan Royals,1,210.0,149.0,0.49411764705882355,0.4,153.93529411764706,155.69411764705882,135.6,154.8
1304055,2022-04-02,Rajasthan Royals,Rajasthan Royals,1,193.0,170.0,0.49707602339181284,0.4,154.26315789473685,155.6549707602339,144.8,151.2
1304059,2022-04-05,Rajasthan Royals,Royal Challengers Bangalore,0,169.0,173.0,0.5,0.5,154.48837209302326,155.73837209302326,153.6,154.6
1304066,2022-04-10,Rajasthan Royals,Rajasthan Royals,1,165.0,162.0,0.49710982658959535,0.4,154.5722543352601,155.83815028901734,149.4,151.4
1304070,2022-04-14,Rajasthan Royals,Gujarat Titans,0,155.0,192.0,0.5,0.4,154.632183908046,155.8735632183908,164.4,165.0
1304076,2022-04-18,Rajasthan Royals,Rajasthan Royals,1,217.0,210.0,0.49714285714285716,0.4,154.6342857142857,156.08,178.4,169.2
1304080,2022-04-22,Rajasthan Royals,Rajasthan Royals,1,222.0,207.0,0.5,0.5,154.98863636363637,156.38636363636363,179.8,181.4
1304085,2022-04-26,Rajasthan Royals,Rajasthan Royals,1,144.0,115.0,0.5028248587570622,0.6,155.36723163841808,156.6723163841808,185.6,188.8
1304090,2022-04-30,Rajasthan Royals,Mumbai Indians,0,158.0,161.0,0.5056179775280899,0.6,155.30337078651687,156.43820224719101,180.6,177.2
1304093,2022-05-02,Rajasthan Royals,Kolkata Knight Riders,0,152.0,158.0,0.5027932960893855,0.6,155.31843575418995,156.46368715083798,179.2,177.0
1304098,2022-05-07,Rajasthan Royals,Rajasthan Royals,1,190.0,189.0,0.5,0.6,155.3,156.47222222222223,178.6,170.2
1304104,2022-05-11,Rajasthan Royals,Delhi Capitals,0,160.0,161.0,0.5027624309392266,0.6,155.49171270718233,156.65193370165747,173.2,166.0
1304109,2022-05-15,Rajasthan Royals,Rajasthan Royals,1,178.0,154.0,0.5,0.5,155.5164835164835,156.67582417582418,160.8,156.8
1304114,2022-05-20,Rajasthan Royals,Rajasthan Royals,1,151.0,150.0,0.5027322404371585,0.6,155.63934426229508,156.66120218579235,167.6,164.6
1312197,2022-05-24,Rajasthan Royals,Gujarat Titans,0,188.0,191.0,0.5054347826086957,0.6,155.6141304347826,156.625,166.2,162.4
1312199,2022-05-27,Rajasthan Royals,Rajasthan Royals,1,161.0,157.0,0.5027027027027027,0.6,155.7891891891892,156.8108108108108,173.4,169.0
1312200,2022-05-29,Rajasthan Royals,Gujarat Titans,0,130.0,133.0,0.5053763440860215,0.6,155.81720430107526,156.81182795698925,167.6,162.6
1359478,2023-04-02,Rajasthan Royals,Rajasthan Royals,1,203.0,131.0,0.5026737967914439,0.5,155.67914438502675,156.68449197860963,161.6,157.0
1359482,2023-04-05,Rajasthan Royals,Punjab Kings,0,192.0,197.0,0.5053191489361702,0.5,155.93085106382978,156.54787234042553,166.6,152.4
1359485,2023-04-08,Rajasthan Royals,Rajasthan Royals,1,199.0,142.0,0.5026455026455027,0.5,156.1216931216931,156.76190476190476,174.8,161.8
1359491,2023-04-12,Rajasthan Royals,Rajasthan Royals,1,175.0,172.0,0.5052631578947369,0.6,156.34736842105264,156.68421052631578,177.0,152.0
1359497,2023-04-16,Rajasthan Royals,Rajasthan Royals,1,179.0,177.0,0.5078534031413613,0.6,156.44502617801047,156.76439790575915,179.8,155.0
1359500,2023-04-19,Rajasthan Royals,Lucknow Super Giants,0,144.0,154.0,0.5104166666666666,0.7,156.5625,156.86979166666666,189.6,163.8
1359506,2023-04-23,Rajasthan Royals,Royal Challengers Bangalore,0,182.0,189.0,0.5077720207253886,0.6,156.49740932642487,156.85492227979276,177.8,168.4
1359511,2023-04-27,Rajasthan Royals,Rajasthan Royals,1,202.0,170.0,0.5051546391752577,0.5,156.62886597938143,157.02061855670104,175.8,166.8
1359516,2023-04-30,Rajasthan Royals,Mumbai Indians,0,212.0,214.0,0.5076923076923077,0.6,156.86153846153846,157.0871794871795,176.4,172.4
1359522,2023-05-05,Rajasthan Royals,Gujarat Titans,0,118.0,119.0,0.5051020408163265,0.5,157.14285714285714,157.37755102040816,183.8,180.8
1359526,2023-05-07,Rajasthan Royals,Sunrisers Hyderabad,0,214.0,217.0,0.5025380710659898,0.5,156.94416243654823,157.18274111675126,171.6,169.2
1359530,2023-05-11,Rajasthan Royals,Rajasthan Royals,1,151.0,149.0,0.5,0.4,157.23232323232324,157.4848484848485,185.6,181.8
1359534,2023-05-14,Rajasthan Royals,Royal Challengers Bangalore,0,59.0,171.0,0.5025125628140703,0.5,157.20100502512562,157.44221105527637,179.4,173.8
1359540,2023-05-19,Rajasthan Royals,Rajasthan Royals,1,189.0,187.0,0.5,0.4,156.71,157.51,150.8,174.0
1422122,2024-03-24,Rajasthan Royals,Rajasthan Royals,1,,,0.5024875621890548,0.4,156.87064676616916,157.65671641791045,146.2,168.6
1422127,2024-03-28,Rajasthan Royals,Rajasthan Royals,1,,,0.504950495049505,0.4,156.87064676616916,157.65671641791045,153.25,181.0
1422132,2024-04-01,Rajasthan Royals,Rajasthan Royals,1,,,0.5073891625615764,0.5,156.87064676616916,157.65671641791045,133.0,169.0
1422137,2024-04-06,Rajasthan Royals,Rajasthan Royals,1,,,0.5098039215686274,0.6,156.87064676616916,157.65671641791045,124.0,179.0
1426262,2024-04-10,Rajasthan Royals,Gujarat Titans,0,,,0.5121951219512195,0.6,156.87064676616916,157.65671641791045,160.0,160.0
1426265,2024-04-13,Rajasthan Royals,Rajasthan Royals,1,,,0.5097087378640777,0.6,156.87064676616916,157.65671641791045,160.0,160.0
1426269,2024-04-16,Rajasthan Royals,Rajasthan Royals,1,,,0.5120772946859904,0.7,156.87064676616916,157.65671641791045,160.0,160.0
1426276,2024-04-22,Rajasthan Royals,Rajasthan Royals,1,,,0.5144230769230769,0.8,156.87064676616916,157.65671641791045,160.0,160.0
1426282,2024-04-27,Rajasthan Royals,Rajasthan Royals,1,,,0.5167464114832536,0.8,156.87064676616916,157.65671641791045,160.0,160.0
1426288,2024-05-02,Rajasthan Royals,Sunrisers Hyderabad,0,,,0.5190476190476191,0.9,156.87064676616916,157.65671641791045,160.0,160.0
1426294,2024-05-07,Rajasthan Royals,Delhi Capitals,0,,,0.5165876777251185,0.8,156.87064676616916,157.65671641791045,160.0,160.0
1426299,2024-05-12,Rajasthan Royals,Chennai Super Kings,0,,,0.5141509433962265,0.7,156.87064676616916,157.65671641791045,160.0,160.0
1426303,2024-05-15,Rajasthan Royals,Punjab Kings,0,,,0.5117370892018779,0.6,156.87064676616916,157.65671641791045,160.0,160.0
1426310,2024-05-22,Rajasthan Royals,Rajasthan Royals,1,,,0.5093457943925234,0.5,156.87064676616916,157.65671641791045,160.0,160.0
1426311,2024-05-24,Rajasthan Royals,Sunrisers Hyderabad,0,,,0.5116279069767442,0.5,156.87064676616916,157.65671641791045,160.0,160.0
1473439,2025-03-23,Rajasthan Royals,Sunrisers Hyderabad,0,,,0.5092592592592593,0.5,156.87064676616916,157.65671641791045,160.0,160.0
1473443,2025-03-26,Rajasthan Royals,Kolkata Knight Riders,0,,,0.5069124423963134,0.4,156.87064676616916,157.65671641791045,160.0,160.0
1473448,2025-03-30,Rajasthan Royals,Rajasthan Royals,1,,,0.5045871559633027,0.3,156.87064676616916,157.65671641791045,160.0,160.0
1473455,2025-04-05,Rajasthan Royals,Rajasthan Royals,1,,,0.5068493150684932,0.3,156.87064676616916,157.65671641791045,160.0,160.0
1473460,2025-04-09,Rajasthan Royals,Gujarat Titans,0,,,0.509090909090909,0.3,156.87064676616916,157.65671641791045,160.0,160.0
1473465,2025-04-13,Rajasthan Royals,Royal Challengers Bengaluru,0,,,0.5067873303167421,0.3,156.87064676616916,157.65671641791045,160.0,160.0
1473473,2025-04-19,Rajasthan Royals,Lucknow Super Giants,0,,,0.5045045045045045,0.3,156.87064676616916,157.65671641791045,160.0,160.0
1473479,2025-04-24,Rajasthan Royals,Royal Challengers Bengaluru,0,,,0.5022421524663677,0.3,156.87064676616916,157.65671641791045,160.0,160.0
1473484,2025-04-28,Rajasthan Royals,Rajasthan Royals,1,,,0.5,0.3,156.87064676616916,157.65671641791045,160.0,160.0
1473487,2025-05-01,Rajasthan Royals,Mumbai Indians,0,,,0.5022222222222222,0.3,156.87064676616916,157.65671641791045,160.0,160.0
1473490,2025-05-04,Rajasthan Royals,Kolkata Knight Riders,0,,,0.5,0.3,156.87064676616916,157.65671641791045,160.0,160.0
1473497,2025-05-18,Rajasthan Royals,Punjab Kings,0,,,0.4977973568281938,0.3,156.87064676616916,157.65671641791045,160.0,160.0
1473500,2025-05-20,Rajasthan Royals,Rajasthan Royals,1,,,0.4956140350877193,0.3,156.87064676616916,157.65671641791045,160.0,160.0
1082592,2017-04-06,Rising Pune Supergiant,Rising Pune Supergiant,1,187.0,184.0,0.5,0.5,160.0,160.0,160.0,160.0
1082594,2017-04-08,Rising Pune Supergiant,Kings XI Punjab,0,163.0,164.0,1.0,0.5,187.0,184.0,160.0,160.0
1082599,2017-04-11,Rising Pune Supergiant,Delhi Daredevils,0,108.0,205.0,0.5,0.5,175.0,174.0,175.0,174.0
1082603,2017-04-14,Rising Pune Supergiant,Gujarat Lions,0,171.0,172.0,0.3333333333333333,0.3333333333333333,152.66666666666666,184.33333333333334,152.66666666666666,184.33333333333334
1082607,2017-04-16,Rising Pune Supergiant,Rising Pune Supergiant,1,161.0,134.0,0.25,0.25,157.25,181.25,157.25,181.25
1082615,2017-04-22,Rising Pune Supergiant,Rising Pune Supergiant,1,179.0,176.0,0.4,0.4,158.0,171.8,158.0,171.8
1082618,2017-04-24,Rising Pune Supergiant,Rising Pune Supergiant,1,160.0,157.0,0.5,0.5,161.5,172.5,156.4,170.2
1082620,2017-04-26,Rising Pune Supergiant,Kolkata Knight Riders,0,182.0,184.0,0.5714285714285714,0.5714285714285714,161.28571428571428,170.28571428571428,155.8,168.8
1082624,2017-04-29,Rising Pune Supergiant,Rising Pune Supergiant,1,157.0,96.0,0.5,0.5,163.875,172.0,170.6,164.6
1082629,2017-05-01,Rising Pune Supergiant,Rising Pune Supergiant,1,167.0,161.0,0.5555555555555556,0.5555555555555556,163.11111111111111,163.55555555555554,167.8,149.4
1082631,2017-05-03,Rising Pune Supergiant,Rising Pune Supergiant,1,158.0,155.0,0.6,0.6,163.5,163.3,169.0,154.8
1082634,2017-05-06,Rising Pune Supergiant,Rising Pune Supergiant,1,148.0,136.0,0.6363636363636364,0.6,163.0,162.54545454545453,164.8,150.6
1082642,2017-05-12,Rising Pune Supergiant,Delhi Daredevils,0,161.0,168.0,0.6666666666666666,0.7,161.75,160.33333333333334,162.4,146.4
1082645,2017-05-14,Rising Pune Supergiant,Rising Pune Supergiant,1,78.0,73.0,0.6153846153846154,0.7,161.69230769230768,160.92307692307693,158.2,143.2
1082647,2017-05-16,Rising Pune Supergiant,Rising Pune Supergiant,1,162.0,142.0,0.6428571428571429,0.8,155.71428571428572,154.64285714285714,142.4,138.6
1082650,2017-05-21,Rising Pune Supergiant,Mumbai Indians,0,128.0,129.0,0.6666666666666666,0.8,156.13333333333333,153.8,141.4,134.8
980901,2016-04-09,Rising Pune Supergiants,Rising Pune Supergiants,1,126.0,121.0,0.5,0.5,160.0,160.0,160.0,160.0
980911,2016-04-14,Rising Pune Supergiants,Gujarat Lions,0,163.0,164.0,1.0,0.5,126.0,121.0,160.0,160.0
980919,2016-04-17,Rising Pune Supergiants,Kings XI Punjab,0,152.0,153.0,0.5,0.5,144.5,142.5,144.5,142.5
980931,2016-04-22,Rising Pune Supergiants,Royal Challengers Bangalore,0,172.0,185.0,0.3333333333333333,0.3333333333333333,147.0,146.0,147.0,146.0
980939,2016-04-24,Rising Pune Supergiants,Kolkata Knight Riders,0,160.0,162.0,0.25,0.25,153.25,155.75,153.25,155.75
980943,2016-04-26,Rising Pune Supergiants,Rising Pune Supergiants,1,94.0,118.0,0.2,0.2,154.6,157.0,154.6,157.0
980949,2016-04-29,Rising Pune Supergiants,Gujarat Lions,0,195.0,196.0,0.3333333333333333,0.3333333333333333,144.5,150.5,148.2,156.4
980957,2016-05-01,Rising Pune Supergiants,Mumbai Indians,0,159.0,161.0,0.2857142857142857,0.2857142857142857,151.71428571428572,157.0,154.6,162.8
980965,2016-05-05,Rising Pune Supergiants,Rising Pune Supergiants,1,166.0,162.0,0.25,0.25,152.625,157.5,156.0,164.4
980969,2016-05-07,Rising Pune Supergiants,Royal Challengers Bangalore,0,191.0,195.0,0.3333333333333333,0.3333333333333333,154.11111111111111,158.0,154.8,159.8
980979,2016-05-10,Rising Pune Supergiants,Sunrisers Hyderabad,0,133.0,137.0,0.3,0.3,157.8,161.7,161.0,166.4
980989,2016-05-14,Rising Pune Supergiants,Kolkata Knight Riders,0,103.0,66.0,0.2727272727272727,0.2,155.54545454545453,159.45454545454547,168.8,170.2
980997,2016-05-17,Rising Pune Supergiants,Rising Pune Supergiants,1,76.0,121.0,0.25,0.2,151.16666666666666,151.66666666666666,150.4,144.2
981005,2016-05-21,Rising Pune Supergiants,Rising Pune Supergiants,1,173.0,172.0,0.3076923076923077,0.3,145.3846153846154,149.30769230769232,133.8,136.2
335982,2008-04-18,Royal Challengers Bangalore,Kolkata Knight Riders,0,82.0,222.0,0.5,0.5,160.0,160.0,160.0,160.0
335985,2008-04-20,Royal Challengers Bangalore,Royal Challengers Bangalore,1,166.0,165.0,0.0,0.5,82.0,222.0,160.0,160.0
335992,2008-04-26,Royal Challengers Bangalore,Rajasthan Royals,0,135.0,138.0,0.5,0.5,124.0,193.5,124.0,193.5
335996,2008-04-28,Royal Challengers Bangalore,Chennai Super Kings,0,165.0,178.0,0.3333333333333333,0.3333333333333333,127.66666666666667,175.0,127.66666666666667,175.0
335998,2008-04-30,Royal Challengers Bangalore,Delhi Daredevils,0,181.0,191.0,0.25,0.25,137.0,175.75,137.0,175.75
336034,2008-05-03,Royal Challengers Bangalore,Royal Challengers Bangalore,1,156.0,153.0,0.2,0.2,145.8,178.8,145.8,178.8
336006,2008-05-05,Royal Challengers Bangalore,Kings XI Punjab,0,126.0,127.0,0.3333333333333333,0.3333333333333333,147.5,174.5,160.6,165.0
336010,2008-05-08,Royal Challengers Bangalore,Kolkata Knight Riders,0,124.0,129.0,0.2857142857142857,0.2857142857142857,144.42857142857142,167.71428571428572,152.6,157.4
336016,2008-05-12,Royal Challengers Bangalore,Kings XI Punjab,0,143.0,144.0,0.25,0.25,141.875,162.875,150.4,155.6
336023,2008-05-17,Royal Challengers Bangalore,Rajasthan Royals,0,132.0,197.0,0.2222222222222222,0.2222222222222222,142.0,160.77777777777777,146.0,148.8
336026,2008-05-19,Royal Challengers Bangalore,Delhi Daredevils,0,154.0,158.0,0.2,0.2,141.0,164.4,136.2,150.0
336029,2008-05-21,Royal Challengers Bangalore,Royal Challengers Bangalore,1,126.0,112.0,0.18181818181818182,0.2,142.1818181818182,163.8181818181818,135.8,151.0
336002,2008-05-25,Royal Challengers Bangalore,Royal Challengers Bangalore,1,171.0,165.0,0.25,0.2,140.83333333333334,159.5,135.8,148.0
336012,2008-05-28,Royal Challengers Bangalore,Mumbai Indians,0,122.0,126.0,0.3076923076923077,0.3,143.15384615384616,159.92307692307693,145.2,155.2
392182,2009-04-18,Royal Challengers Bangalore,Royal Challengers Bangalore,1,133.0,58.0,0.2857142857142857,0.3,141.64285714285714,157.5,141.0,151.6
392185,2009-04-20,Royal Challengers Bangalore,Chennai Super Kings,0,87.0,179.0,0.3333333333333333,0.4,141.06666666666666,150.86666666666667,141.2,123.8
392188,2009-04-22,Royal Challengers Bangalore,Deccan Chargers,0,160.0,184.0,0.3125,0.3,137.6875,152.625,127.8,128.0
392191,2009-04-24,Royal Challengers Bangalore,Kings XI Punjab,0,168.0,173.0,0.29411764705882354,0.3,139.0,154.47058823529412,134.6,142.4
392194,2009-04-26,Royal Challengers Bangalore,Delhi Daredevils,0,149.0,150.0,0.2777777777777778,0.3,140.61111111111111,155.5,134.0,144.0
392199,2009-04-29,Royal Challengers Bangalore,Royal Challengers Bangalore,1,143.0,139.0,0.2631578947368421,0.3,141.05263157894737,155.21052631578948,139.4,148.8
392204,2009-05-01,Royal Challengers Bangalore,Royal Challengers Bangalore,1,145.0,137.0,0.3,0.4,141.15,154.4,141.4,165.0
392208,2009-05-03,Royal Challengers Bangalore,Royal Challengers Bangalore,1,150.0,149.0,0.3333333333333333,0.5,141.33333333333334,153.57142857142858,153.0,156.6
392213,2009-05-07,Royal Challengers Bangalore,Rajasthan Royals,0,105.0,107.0,0.36363636363636365,0.5,141.72727272727272,153.36363636363637,151.0,149.6
392218,2009-05-10,Royal Challengers Bangalore,Mumbai Indians,0,141.0,157.0,0.34782608695652173,0.4,140.1304347826087,151.34782608695653,138.4,136.4
392221,2009-05-12,Royal Challengers Bangalore,Royal Challengers Bangalore,1,176.0,173.0,0.3333333333333333,0.4,140.16666666666666,151.58333333333334,136.8,137.8
392224,2009-05-14,Royal Challengers Bangalore,Royal Challengers Bangalore,1,132.0,129.0,0.36,0.4,141.6,152.44,143.4,144.6
392232,2009-05-19,Royal Challengers Bangalore,Royal Challengers Bangalore,1,135.0,134.0,0.38461538461538464,0.5,141.23076923076923,151.53846153846155,140.8,143.0
392236,2009-05-21,Royal Challengers Bangalore,Royal Challengers Bangalore,1,170.0,158.0,0.4074074074074074,0.6,141.0,150.88888888888889,137.8,140.0
392238,2009-05-23,Royal Challengers Bangalore,Royal Challengers Bangalore,1,149.0,146.0,0.42857142857142855,0.7,142.03571428571428,151.14285714285714,150.8,150.2
392239,2009-05-24,Royal Challengers Bangalore,Deccan Chargers,0,137.0,143.0,0.4482758620689655,0.8,142.27586206896552,150.9655172413793,152.4,148.0
419109,2010-03-14,Royal Challengers Bangalore,Kolkata Knight Riders,0,135.0,136.0,0.43333333333333335,0.7,142.1,150.7,144.6,142.0
419112,2010-03-16,Royal Challengers Bangalore,Royal Challengers Bangalore,1,204.0,203.0,0.41935483870967744,0.6,141.8709677419355,150.2258064516129,145.2,143.4
419115,2010-03-18,Royal Challengers Bangalore,Royal Challengers Bangalore,1,93.0,92.0,0.4375,0.6,143.8125,151.875,159.0,157.2
419119,2010-03-20,Royal Challengers Bangalore,Royal Challengers Bangalore,1,155.0,151.0,0.45454545454545453,0.7,142.27272727272728,150.06060606060606,143.6,144.0
419123,2010-03-23,Royal Challengers Bangalore,Royal Challengers Bangalore,1,171.0,135.0,0.47058823529411764,0.8,142.64705882352942,150.08823529411765,144.8,145.0
419128,2010-03-25,Royal Challengers Bangalore,Delhi Daredevils,0,166.0,183.0,0.4857142857142857,0.8,143.45714285714286,149.65714285714284,151.6,143.4
419133,2010-03-31,Royal Challengers Bangalore,Chennai Super Kings,0,161.0,162.0,0.4722222222222222,0.7,144.08333333333334,150.58333333333334,157.8,152.8
419136,2010-04-02,Royal Challengers Bangalore,Royal Challengers Bangalore,1,184.0,181.0,0.4594594594594595,0.6,144.54054054054055,150.8918918918919,149.2,144.6
419140,2010-04-04,Royal Challengers Bangalore,Delhi Daredevils,0,147.0,184.0,0.47368421052631576,0.6,145.57894736842104,151.68421052631578,167.4,162.4
419145,2010-04-08,Royal Challengers Bangalore,Deccan Chargers,0,184.0,186.0,0.46153846153846156,0.5,145.6153846153846,152.51282051282053,165.8,169.0
419148,2010-04-10,Royal Challengers Bangalore,Royal Challengers Bangalore,1,162.0,160.0,0.45,0.5,146.575,153.35,168.4,179.2
419151,2010-04-12,Royal Challengers Bangalore,Deccan Chargers,0,138.0,151.0,0.4634146341463415,0.6,146.9512195121951,153.5121951219512,167.6,174.6
419154,2010-04-14,Royal Challengers Bangalore,Royal Challengers Bangalore,1,132.0,130.0,0.4523809523809524,0.5,146.73809523809524,153.45238095238096,163.0,172.4
419157,2010-04-17,Royal Challengers Bangalore,Mumbai Indians,0,134.0,191.0,0.46511627906976744,0.5,146.3953488372093,152.90697674418604,152.6,162.2
419162,2010-04-21,Royal Challengers Bangalore,Mumbai Indians,0,149.0,184.0,0.45454545454545453,0.4,146.11363636363637,153.77272727272728,150.0,163.6
419164,2010-04-24,Royal Challengers Bangalore,Royal Challengers Bangalore,1,86.0,82.0,0.4444444444444444,0.3,146.17777777777778,154.44444444444446,143.0,163.2
501200,2011-04-09,Royal Challengers Bangalore,Royal Challengers Bangalore,1,162.0,161.0,0.45652173913043476,0.4,144.8695652173913,152.8695652173913,127.8,147.6
501205,2011-04-12,Royal Challengers Bangalore,Mumbai Indians,0,140.0,143.0,0.46808510638297873,0.5,145.2340425531915,153.04255319148936,132.6,149.6
501208,2011-04-14,Royal Challengers Bangalore,Deccan Chargers,0,142.0,175.0,0.4583333333333333,0.4,145.125,152.83333333333334,134.2,152.2
501211,2011-04-16,Royal Challengers Bangalore,Chennai Super Kings,0,162.0,183.0,0.4489795918367347,0.4,145.0612244897959,153.28571428571428,135.8,149.0
501222,2011-04-22,Royal Challengers Bangalore,Royal Challengers Bangalore,1,175.0,171.0,0.44,0.4,145.4,153.88,138.4,148.8
501227,2011-04-26,Royal Challengers Bangalore,Royal Challengers Bangalore,1,161.0,160.0,0.45098039215686275,0.4,145.98039215686273,154.2156862745098,156.2,166.6
501232,2011-04-29,Royal Challengers Bangalore,Royal Challengers Bangalore,1,181.0,155.0,0.46153846153846156,0.5,146.26923076923077,154.32692307692307,156.0,166.4
501244,2011-05-06,Royal Challengers Bangalore,Royal Challengers Bangalore,1,205.0,120.0,0.4716981132075472,0.5,146.9245283018868,154.33962264150944,164.2,168.8
501247,2011-05-08,Royal Challengers Bangalore,Royal Challengers Bangalore,1,128.0,125.0,0.48148148148148145,0.6,148.0,153.7037037037037,176.8,157.8
501252,2011-05-11,Royal Challengers Bangalore,Royal Challengers Bangalore,1,151.0,146.0,0.4909090909090909,0.7,147.63636363636363,153.1818181818182,170.0,146.2
501255,2011-05-14,Royal Challengers Bangalore,Royal Challengers Bangalore,1,105.0,89.0,0.5,0.7,147.69642857142858,153.05357142857142,165.2,141.2
501260,2011-05-17,Royal Challengers Bangalore,Kings XI Punjab,0,121.0,232.0,0.5087719298245614,0.7,146.94736842105263,151.9298245614035,154.0,127.0
501266,2011-05-22,Royal Challengers Bangalore,Royal Challengers Bangalore,1,129.0,128.0,0.5,0.7,146.5,153.31034482758622,142.0,142.4
501268,2011-05-24,Royal Challengers Bangalore,Chennai Super Kings,0,175.0,177.0,0.5084745762711864,0.8,146.20338983050848,152.88135593220338,126.8,144.0
501270,2011-05-27,Royal Challengers Bangalore,Royal Challengers Bangalore,1,185.0,142.0,0.5,0.8,146.68333333333334,153.28333333333333,136.2,154.4
501271,2011-05-28,Royal Challengers Bangalore,Chennai Super Kings,0,147.0,205.0,0.5081967213114754,0.8,147.31147540983608,153.0983606557377,143.0,153.6
548310,2012-04-07,Royal Challengers Bangalore,Royal Challengers Bangalore,1,157.0,137.0,0.5,0.7,147.30645161290323,153.93548387096774,151.4,176.8
548315,2012-04-10,Royal Challengers Bangalore,Kolkata Knight Riders,0,123.0,165.0,0.5079365079365079,0.7,147.46031746031747,153.66666666666666,158.6,157.8
548318,2012-04-12,Royal Challengers Bangalore,Chennai Super Kings,0,205.0,208.0,0.5,0.6,147.078125,153.84375,157.4,165.2
548324,2012-04-15,Royal Challengers Bangalore,Rajasthan Royals,0,136.0,195.0,0.49230769230769234,0.5,147.96923076923076,154.6769230769231,163.4,171.4
548327,2012-04-17,Royal Challengers Bangalore,Royal Challengers Bangalore,1,186.0,182.0,0.48484848484848486,0.4,147.78787878787878,155.28787878787878,153.6,182.0
548331,2012-04-20,Royal Challengers Bangalore,Royal Challengers Bangalore,1,166.0,163.0,0.4925373134328358,0.4,148.3582089552239,155.6865671641791,161.4,177.4
548336,2012-04-23,Royal Challengers Bangalore,Royal Challengers Bangalore,1,189.0,143.0,0.5,0.5,148.61764705882354,155.7941176470588,163.2,182.6
548344,2012-04-28,Royal Challengers Bangalore,Kolkata Knight Riders,0,143.0,190.0,0.5072463768115942,0.5,149.20289855072463,155.6086956521739,176.4,178.2
548350,2012-05-02,Royal Challengers Bangalore,Kings XI Punjab,0,158.0,163.0,0.5,0.5,149.11428571428573,156.1,164.0,174.6
548356,2012-05-06,Royal Challengers Bangalore,Royal Challengers Bangalore,1,185.0,181.0,0.49295774647887325,0.4,149.2394366197183,156.19718309859155,168.4,168.2
548360,2012-05-09,Royal Challengers Bangalore,Royal Challengers Bangalore,1,142.0,141.0,0.5,0.5,149.73611111111111,156.54166666666666,168.2,168.0
548362,2012-05-11,Royal Challengers Bangalore,Royal Challengers Bangalore,1,173.0,138.0,0.5068493150684932,0.5,149.63013698630138,156.32876712328766,163.4,163.6
548367,2012-05-14,Royal Challengers Bangalore,Mumbai Indians,0,171.0,173.0,0.5135135135135135,0.6,149.94594594594594,156.0810810810811,160.2,162.6
548372,2012-05-17,Royal Challengers Bangalore,Royal Challengers Bangalore,1,215.0,194.0,0.5066666666666667,0.6,150.22666666666666,156.30666666666667,165.8,159.2
548376,2012-05-20,Royal Challengers Bangalore,Deccan Chargers,0,123.0,132.0,0.5131578947368421,0.7,151.07894736842104,156.80263157894737,177.2,165.4
597999,2013-04-04,Royal Challengers Bangalore,Royal Challengers Bangalore,1,156.0,154.0,0.5064935064935064,0.6,150.71428571428572,156.4805194805195,164.8,155.6
598048,2013-04-09,Royal Challengers Bangalore,Royal Challengers Bangalore,1,162.0,161.0,0.5128205128205128,0.6,150.78205128205127,156.44871794871796,167.6,158.2
598008,2013-04-11,Royal Challengers Bangalore,Royal Challengers Bangalore,1,158.0,154.0,0.5189873417721519,0.6,150.9240506329114,156.50632911392404,165.4,162.8
598012,2013-04-13,Royal Challengers Bangalore,Chennai Super Kings,0,165.0,166.0,0.525,0.7,151.0125,156.475,162.8,159.0
598023,2013-04-20,Royal Challengers Bangalore,Royal Challengers Bangalore,1,123.0,117.0,0.5185185185185185,0.7,151.1851851851852,156.59259259259258,152.8,153.4
598027,2013-04-23,Royal Challengers Bangalore,Royal Challengers Bangalore,1,263.0,133.0,0.524390243902439,0.7,150.84146341463415,156.109756097561,152.8,150.4
598033,2013-04-27,Royal Challengers Bangalore,Mumbai Indians,0,136.0,194.0,0.5301204819277109,0.7,152.19277108433735,155.83132530120483,174.2,146.2
598036,2013-04-29,Royal Challengers Bangalore,Rajasthan Royals,0,171.0,173.0,0.5238095238095238,0.6,152.0,156.28571428571428,169.0,152.8
598042,2013-05-02,Royal Challengers Bangalore,Royal Challengers Bangalore,1,187.0,170.0,0.5176470588235295,0.6,152.2235294117647,156.48235294117646,171.6,156.6
598064,2013-05-06,Royal Challengers Bangalore,Kings XI Punjab,0,190.0,194.0,0.5232558139534884,0.6,152.62790697674419,156.63953488372093,176.0,157.4
598054,2013-05-10,Royal Challengers Bangalore,Royal Challengers Bangalore,1,183.0,179.0,0.5172413793103449,0.6,153.05747126436782,157.06896551724137,189.4,172.8
598057,2013-05-12,Royal Challengers Bangalore,Kolkata Knight Riders,0,115.0,116.0,0.5227272727272727,0.6,153.39772727272728,157.3181818181818,173.4,182.0
598045,2013-05-14,Royal Challengers Bangalore,Kings XI Punjab,0,174.0,176.0,0.5168539325842697,0.5,152.96629213483146,156.85393258426967,169.2,166.4
598068,2013-05-18,Royal Challengers Bangalore,Royal Challengers Bangalore,1,106.0,82.0,0.5111111111111111,0.4,153.2,157.06666666666666,169.8,167.0
729281,2014-04-17,Royal Challengers Bangalore,Royal Challengers Bangalore,1,146.0,145.0,0.5164835164835165,0.5,152.6813186813187,156.24175824175825,153.6,149.4
729287,2014-04-19,Royal Challengers Bangalore,Royal Challengers Bangalore,1,116.0,115.0,0.5217391304347826,0.5,152.6086956521739,156.1195652173913,144.8,139.6
729299,2014-04-24,Royal Challengers Bangalore,Kolkata Knight Riders,0,148.0,150.0,0.5268817204301075,0.5,152.21505376344086,155.67741935483872,131.4,126.8
729305,2014-04-26,Royal Challengers Bangalore,Rajasthan Royals,0,70.0,71.0,0.5212765957446809,0.5,152.17021276595744,155.61702127659575,138.0,133.6
729313,2014-04-28,Royal Challengers Bangalore,Kings XI Punjab,0,124.0,127.0,0.5157894736842106,0.5,151.30526315789473,154.7263157894737,117.2,112.6
733977,2014-05-04,Royal Challengers Bangalore,Royal Challengers Bangalore,1,158.0,155.0,0.5104166666666666,0.4,151.02083333333334,154.4375,120.8,121.6
733983,2014-05-06,Royal Challengers Bangalore,Mumbai Indians,0,168.0,187.0,0.5154639175257731,0.5,151.09278350515464,154.44329896907217,123.2,123.6
733991,2014-05-09,Royal Challengers Bangalore,Kings XI Punjab,0,166.0,198.0,0.5102040816326531,0.4,151.26530612244898,154.77551020408163,133.6,138.0
733999,2014-05-11,Royal Challengers Bangalore,Rajasthan Royals,0,190.0,191.0,0.5050505050505051,0.4,151.41414141414143,155.21212121212122,137.2,147.6
734005,2014-05-13,Royal Challengers Bangalore,Royal Challengers Bangalore,1,186.0,170.0,0.5,0.4,151.8,155.57,161.2,171.6
734013,2014-05-18,Royal Challengers Bangalore,Royal Challengers Bangalore,1,142.0,138.0,0.504950495049505,0.4,152.13861386138615,155.7128712871287,173.6,180.2
734021,2014-05-20,Royal Challengers Bangalore,Sunrisers Hyderabad,0,160.0,161.0,0.5098039215686274,0.4,152.0392156862745,155.5392156862745,170.4,176.8
734027,2014-05-22,Royal Challengers Bangalore,Kolkata Knight Riders,0,165.0,195.0,0.5048543689320388,0.3,152.11650485436894,155.59223300970874,168.8,171.6
734035,2014-05-24,Royal Challengers Bangalore,Chennai Super Kings,0,154.0,160.0,0.5,0.3,152.2403846153846,155.97115384615384,168.6,171.0
829713,2015-04-11,Royal Challengers Bangalore,Royal Challengers Bangalore,1,179.0,177.0,0.49523809523809526,0.3,152.25714285714287,156.0095238095238,161.4,164.8
829719,2015-04-13,Royal Challengers Bangalore,Sunrisers Hyderabad,0,166.0,172.0,0.5,0.4,152.50943396226415,156.20754716981133,160.0,166.2
829737,2015-04-19,Royal Challengers Bangalore,Mumbai Indians,0,191.0,209.0,0.4953271028037383,0.3,152.6355140186916,156.3551401869159,164.8,173.0
829745,2015-04-22,Royal Challengers Bangalore,Chennai Super Kings,0,154.0,181.0,0.49074074074074076,0.3,152.99074074074073,156.84259259259258,171.0,182.6
829749,2015-04-24,Royal Challengers Bangalore,Royal Challengers Bangalore,1,134.0,130.0,0.48623853211009177,0.3,153.0,157.06422018348624,168.8,179.8
829757,2015-04-26,Royal Challengers Bangalore,Royal Challengers Bangalore,1,99.0,95.0,0.4909090909090909,0.4,152.8272727272727,156.8181818181818,164.8,173.8
829771,2015-05-02,Royal Challengers Bangalore,Royal Challengers Bangalore,1,115.0,111.0,0.4954954954954955,0.4,152.34234234234233,156.26126126126127,148.8,157.4
829779,2015-05-04,Royal Challengers Bangalore,Chennai Super Kings,0,124.0,148.0,0.5,0.4,152.00892857142858,155.85714285714286,138.6,145.2
829785,2015-05-06,Royal Challengers Bangalore,Royal Challengers Bangalore,1,226.0,88.0,0.49557522123893805,0.4,151.76106194690266,155.78761061946904,125.2,133.0
829795,2015-05-10,Royal Challengers Bangalore,Royal Challengers Bangalore,1,235.0,196.0,0.5,0.5,152.41228070175438,155.19298245614036,139.6,114.4
829803,2015-05-13,Royal Challengers Bangalore,Kings XI Punjab,0,84.0,106.0,0.5043478260869565,0.6,153.1304347826087,155.54782608695652,159.8,127.6
829807,2015-05-15,Royal Challengers Bangalore,Royal Challengers Bangalore,1,83.0,135.0,0.5,0.5,152.5344827586207,155.1206896551724,156.8,129.8
829819,2015-05-20,Royal Challengers Bangalore,Royal Challengers Bangalore,1,180.0,109.0,0.5042735042735043,0.6,151.94017094017093,154.94871794871796,150.4,134.6
829821,2015-05-22,Royal Challengers Bangalore,Chennai Super Kings,0,139.0,140.0,0.5084745762711864,0.7,152.17796610169492,154.5593220338983,161.6,126.8
980907,2016-04-12,Royal Challengers Bangalore,Royal Challengers Bangalore,1,227.0,182.0,0.5042016806722689,0.7,152.0672268907563,154.43697478991598,144.2,137.2
980921,2016-04-17,Royal Challengers Bangalore,Delhi Daredevils,0,191.0,192.0,0.5083333333333333,0.7,152.69166666666666,154.66666666666666,142.6,134.4
980927,2016-04-20,Royal Challengers Bangalore,Mumbai Indians,0,170.0,171.0,0.5041322314049587,0.6,153.0082644628099,154.97520661157026,164.0,151.6
980931,2016-04-22,Royal Challengers Bangalore,Royal Challengers Bangalore,1,185.0,172.0,0.5,0.5,153.14754098360655,155.10655737704917,181.4,158.8
980937,2016-04-24,Royal Challengers Bangalore,Gujarat Lions,0,180.0,182.0,0.5040650406504065,0.6,153.40650406504065,155.2439024390244,182.4,171.4
980953,2016-04-30,Royal Challengers Bangalore,Sunrisers Hyderabad,0,179.0,194.0,0.5,0.5,153.6209677419355,155.45967741935485,190.6,179.8
980959,2016-05-02,Royal Challengers Bangalore,Kolkata Knight Riders,0,185.0,189.0,0.496,0.4,153.824,155.768,181.0,182.2
980969,2016-05-07,Royal Challengers Bangalore,Royal Challengers Bangalore,1,195.0,191.0,0.49206349206349204,0.4,154.07142857142858,156.03174603174602,179.8,181.6
980977,2016-05-09,Royal Challengers Bangalore,Royal Challengers Bangalore,1,175.0,174.0,0.49606299212598426,0.4,154.39370078740157,156.30708661417322,184.8,185.6
980981,2016-05-11,Royal Challengers Bangalore,Mumbai Indians,0,151.0,153.0,0.5,0.4,154.5546875,156.4453125,182.8,186.0
980987,2016-05-14,Royal Challengers Bangalore,Royal Challengers Bangalore,1,248.0,104.0,0.49612403100775193,0.4,154.52713178294573,156.41860465116278,177.0,180.2
980995,2016-05-16,Royal Challengers Bangalore,Royal Challengers Bangalore,1,186.0,183.0,0.5,0.4,155.24615384615385,156.01538461538462,190.8,162.2
980999,2016-05-18,Royal Challengers Bangalore,Royal Challengers Bangalore,1,211.0,120.0,0.5038167938931297,0.5,155.48091603053436,156.22137404580153,191.0,161.0
981011,2016-05-22,Royal Challengers Bangalore,Royal Challengers Bangalore,1,139.0,138.0,0.5075757575757576,0.6,155.90151515151516,155.9469696969697,194.2,146.8
981013,2016-05-24,Royal Challengers Bangalore,Royal Challengers Bangalore,1,159.0,158.0,0.5112781954887218,0.6,155.77443609022558,155.81203007518798,187.0,139.6
981019,2016-05-29,Royal Challengers Bangalore,Sunrisers Hyderabad,0,200.0,208.0,0.5149253731343284,0.7,155.79850746268656,155.82835820895522,188.6,140.6
1082591,2017-04-05,Royal Challengers Bangalore,Sunrisers Hyderabad,0,172.0,207.0,0.5111111111111111,0.7,156.1259259259259,156.21481481481482,179.0,161.4
1082595,2017-04-08,Royal Challengers Bangalore,Royal Challengers Bangalore,1,157.0,142.0,0.5073529411764706,0.7,156.24264705882354,156.58823529411765,176.2,166.2
1082598,2017-04-10,Royal Challengers Bangalore,Kings XI Punjab,0,148.0,150.0,0.5109489051094891,0.7,156.24817518248176,156.4817518248175,165.4,170.6
1082602,2017-04-14,Royal Challengers Bangalore,Mumbai Indians,0,142.0,145.0,0.5072463768115942,0.6,156.18840579710144,156.43478260869566,167.2,173.0
1082607,2017-04-16,Royal Challengers Bangalore,Rising Pune Supergiant,0,134.0,161.0,0.5035971223021583,0.6,156.0863309352518,156.3525179856115,163.8,170.4
1082610,2017-04-18,Royal Challengers Bangalore,Royal Challengers Bangalore,1,213.0,192.0,0.5,0.5,155.92857142857142,156.38571428571427,150.6,161.0
1082617,2017-04-23,Royal Challengers Bangalore,Kolkata Knight Riders,0,49.0,131.0,0.5035460992907801,0.5,156.33333333333334,156.63829787234042,158.8,158.0
1082621,2017-04-27,Royal Challengers Bangalore,Gujarat Lions,0,134.0,135.0,0.5,0.4,155.57746478873239,156.45774647887325,137.2,155.8
1082624,2017-04-29,Royal Challengers Bangalore,Rising Pune Supergiant,0,96.0,157.0,0.4965034965034965,0.3,155.4265734265734,156.30769230769232,134.4,152.8
1082628,2017-05-01,Royal Challengers Bangalore,Mumbai Indians,0,162.0,165.0,0.4930555555555556,0.2,155.01388888888889,156.3125,125.2,155.2
1082633,2017-05-05,Royal Challengers Bangalore,Kings XI Punjab,0,119.0,138.0,0.4896551724137931,0.2,155.06206896551726,156.37241379310345,130.8,156.0
1082636,2017-05-07,Royal Challengers Bangalore,Kolkata Knight Riders,0,158.0,159.0,0.4863013698630137,0.2,154.81506849315068,156.24657534246575,112.0,145.2
1082646,2017-05-14,Royal Challengers Bangalore,Royal Challengers Bangalore,1,161.0,151.0,0.48299319727891155,0.1,154.83673469387756,156.26530612244898,133.8,150.8
1136563,2018-04-08,Royal Challengers Bangalore,Kolkata Knight Riders,0,176.0,177.0,0.4864864864864865,0.2,154.8783783783784,156.22972972972974,139.2,154.0
1136568,2018-04-13,Royal Challengers Bangalore,Royal Challengers Bangalore,1,159.0,155.0,0.48322147651006714,0.2,155.0201342281879,156.36912751677852,155.2,158.0
1136571,2018-04-15,Royal Challengers Bangalore,Rajasthan Royals,0,198.0,217.0,0.4866666666666667,0.3,155.04666666666665,156.36,154.6,156.0
1136574,2018-04-17,Royal Challengers Bangalore,Mumbai Indians,0,167.0,213.0,0.48344370860927155,0.2,155.33112582781456,156.76158940397352,170.4,171.8
1136579,2018-04-21,Royal Challengers Bangalore,Royal Challengers Bangalore,1,176.0,174.0,0.48026315789473684,0.2,155.4078947368421,157.1315789473684,172.2,182.6
1136584,2018-04-25,Royal Challengers Bangalore,Chennai Super Kings,0,205.0,207.0,0.48366013071895425,0.3,155.54248366013073,157.24183006535947,175.2,187.2
1136589,2018-04-29,Royal Challengers Bangalore,Kolkata Knight Riders,0,175.0,176.0,0.4805194805194805,0.3,155.86363636363637,157.56493506493507,181.0,193.2
1136591,2018-05-01,Royal Challengers Bangalore,Royal Challengers Bangalore,1,167.0,153.0,0.4774193548387097,0.3,155.98709677419356,157.68387096774194,184.2,197.4
1136595,2018-05-05,Royal Challengers Bangalore,Chennai Super Kings,0,127.0,128.0,0.4807692307692308,0.4,156.05769230769232,157.65384615384616,178.0,184.6
1136599,2018-05-07,Royal Challengers Bangalore,Sunrisers Hyderabad,0,141.0,146.0,0.47770700636942676,0.4,155.87261146496814,157.46496815286625,170.0,167.6
1136605,2018-05-12,Royal Challengers Bangalore,Royal Challengers Bangalore,1,187.0,181.0,0.47468354430379744,0.3,155.77848101265823,157.39240506329114,163.0,162.0
1136608,2018-05-14,Royal Challengers Bangalore,Royal Challengers Bangalore,1,92.0,88.0,0.4779874213836478,0.4,155.9748427672956,157.54088050314465,159.4,156.8
1136611,2018-05-17,Royal Challengers Bangalore,Royal Challengers Bangalore,1,218.0,204.0,0.48125,0.4,155.575,157.10625,142.8,139.2
1136613,2018-05-19,Royal Challengers Bangalore,Rajasthan Royals,0,134.0,164.0,0.484472049689441,0.5,155.96273291925465,157.3975155279503,153.0,149.4
1175356,2019-03-23,Royal Challengers Bangalore,Chennai Super Kings,0,70.0,71.0,0.48148148148148145,0.5,155.82716049382717,157.43827160493828,154.4,156.6
1175362,2019-03-28,Royal Challengers Bangalore,Mumbai Indians,0,181.0,187.0,0.4785276073619632,0.4,155.30061349693253,156.90797546012269,140.2,141.6
1175366,2019-03-31,Royal Challengers Bangalore,Sunrisers Hyderabad,0,113.0,231.0,0.47560975609756095,0.4,155.45731707317074,157.09146341463415,139.0,142.8
1175369,2019-04-02,Royal Challengers Bangalore,Rajasthan Royals,0,158.0,164.0,0.4727272727272727,0.4,155.2,157.53939393939393,143.2,171.4
1175372,2019-04-05,Royal Challengers Bangalore,Kolkata Knight Riders,0,205.0,206.0,0.46987951807228917,0.3,155.21686746987953,157.57831325301206,131.2,163.4
1178395,2019-04-07,Royal Challengers Bangalore,Delhi Capitals,0,149.0,152.0,0.46706586826347307,0.3,155.51497005988023,157.8682634730539,145.4,171.8
1178403,2019-04-13,Royal Challengers Bangalore,Royal Challengers Bangalore,1,174.0,173.0,0.4642857142857143,0.3,155.47619047619048,157.83333333333334,161.2,188.0
1178406,2019-04-15,Royal Challengers Bangalore,Mumbai Indians,0,171.0,172.0,0.46745562130177515,0.3,155.58579881656806,157.92307692307693,159.8,185.2
1178410,2019-04-19,Royal Challengers Bangalore,Royal Challengers Bangalore,1,213.0,203.0,0.4647058823529412,0.2,155.6764705882353,158.00588235294117,171.4,173.4
1178414,2019-04-21,Royal Challengers Bangalore,Royal Challengers Bangalore,1,161.0,160.0,0.4678362573099415,0.2,156.01169590643275,158.26900584795322,182.4,181.2
1178417,2019-04-24,Royal Challengers Bangalore,Royal Challengers Bangalore,1,202.0,185.0,0.47093023255813954,0.3,156.0406976744186,158.27906976744185,173.6,172.0
1178421,2019-04-28,Royal Challengers Bangalore,Delhi Capitals,0,171.0,187.0,0.47398843930635837,0.4,156.3063583815029,158.4335260115607,184.2,178.6
1178429,2019-05-04,Royal Challengers Bangalore,Royal Challengers Bangalore,1,178.0,175.0,0.47126436781609193,0.4,156.39080459770116,158.5977011494253,183.6,181.4
1216534,2020-09-21,Royal Challengers Bangalore,Royal Challengers Bangalore,1,163.0,153.0,0.4742857142857143,0.5,156.5142857142857,158.69142857142856,185.0,182.0
1216510,2020-09-24,Royal Challengers Bangalore,Kings XI Punjab,0,109.0,206.0,0.4772727272727273,0.6,156.55113636363637,158.6590909090909,175.0,172.0
1216514,2020-10-03,Royal Challengers Bangalore,Royal Challengers Bangalore,1,158.0,154.0,0.4745762711864407,0.6,156.28248587570621,158.92655367231637,164.6,181.2
1216519,2020-10-05,Royal Challengers Bangalore,Delhi Capitals,0,137.0,196.0,0.47752808988764045,0.7,156.2921348314607,158.8988764044944,155.8,175.0
1216525,2020-10-10,Royal Challengers Bangalore,Royal Challengers Bangalore,1,169.0,132.0,0.4748603351955307,0.6,156.18435754189943,159.10614525139664,149.0,176.8
1216540,2020-10-12,Royal Challengers Bangalore,Royal Challengers Bangalore,1,194.0,112.0,0.4777777777777778,0.7,156.25555555555556,158.95555555555555,147.2,168.2
1216531,2020-10-15,Royal Challengers Bangalore,Kings XI Punjab,0,171.0,177.0,0.48066298342541436,0.7,156.46408839779005,158.6961325966851,153.4,160.0
1216522,2020-10-17,Royal Challengers Bangalore,Royal Challengers Bangalore,1,179.0,177.0,0.47802197802197804,0.6,156.54395604395606,158.7967032967033,165.8,154.2
1216494,2020-10-21,Royal Challengers Bangalore,Royal Challengers Bangalore,1,85.0,84.0,0.4808743169398907,0.6,156.66666666666666,158.89617486338798,170.0,158.8
1216544,2020-10-25,Royal Challengers Bangalore,Chennai Super Kings,0,145.0,150.0,0.483695652173913,0.7,156.27717391304347,158.4891304347826,159.6,136.4
1216499,2020-10-28,Royal Challengers Bangalore,Mumbai Indians,0,164.0,166.0,0.4810810810810811,0.6,156.21621621621622,158.44324324324324,154.8,140.0
1216502,2020-10-31,Royal Challengers Bangalore,Sunrisers Hyderabad,0,120.0,121.0,0.478494623655914,0.5,156.25806451612902,158.48387096774192,148.8,150.8
1216505,2020-11-02,Royal Challengers Bangalore,Delhi Capitals,0,152.0,154.0,0.47593582887700536,0.5,156.06417112299465,158.28342245989305,138.6,139.6
1237178,2020-11-06,Royal Challengers Bangalore,Sunrisers Hyderabad,0,131.0,132.0,0.4734042553191489,0.4,156.04255319148936,158.26063829787233,133.2,135.0
1254058,2021-04-09,Royal Challengers Bangalore,Royal Challengers Bangalore,1,160.0,159.0,0.4708994708994709,0.4,155.9100529100529,158.1216931216931,142.4,144.6
1254063,2021-04-14,Royal Challengers Bangalore,Royal Challengers Bangalore,1,149.0,143.0,0.47368421052631576,0.4,155.93157894736842,158.1263157894737,145.4,146.4
1254067,2021-04-18,Royal Challengers Bangalore,Royal Challengers Bangalore,1,204.0,166.0,0.47643979057591623,0.4,155.89528795811518,158.04712041884818,142.4,141.8
1254073,2021-04-22,Royal Challengers Bangalore,Royal Challengers Bangalore,1,181.0,177.0,0.4791666666666667,0.5,156.14583333333334,158.08854166666666,159.2,150.8
1254076,2021-04-25,Royal Challengers Bangalore,Chennai Super Kings,0,122.0,191.0,0.48186528497409326,0.5,156.27461139896374,158.1865284974093,165.0,155.4
1254079,2021-04-27,Royal Challengers Bangalore,Royal Challengers Bangalore,1,171.0,170.0,0.4793814432989691,0.4,156.0979381443299,158.3556701030928,163.2,167.2
1254083,2021-04-30,Royal Challengers Bangalore,Punjab Kings,0,145.0,179.0,0.48205128205128206,0.5,156.17435897435897,158.41538461538462,165.4,169.4
1254087,2021-09-20,Royal Challengers Bangalore,Kolkata Knight Riders,0,92.0,94.0,0.47959183673469385,0.5,156.1173469387755,158.5204081632653,164.6,176.6
1254113,2021-09-24,Royal Challengers Bangalore,Chennai Super Kings,0,156.0,157.0,0.47715736040609136,0.5,155.79187817258884,158.19289340101523,142.2,162.2
1254108,2021-09-26,Royal Challengers Bangalore,Royal Challengers Bangalore,1,165.0,111.0,0.47474747474747475,0.5,155.7929292929293,158.18686868686868,137.2,158.2
1254103,2021-09-29,Royal Challengers Bangalore,Royal Challengers Bangalore,1,153.0,149.0,0.47738693467336685,0.6,155.8391959798995,157.9497487437186,145.8,142.2
1254090,2021-10-03,Royal Challengers Bangalore,Royal Challengers Bangalore,1,164.0,158.0,0.48,0.6,155.825,157.905,142.2,138.0
1254095,2021-10-06,Royal Challengers Bangalore,Sunrisers Hyderabad,0,137.0,141.0,0.48258706467661694,0.6,155.86567164179104,157.90547263681592,146.0,133.8
1254101,2021-10-08,Royal Challengers Bangalore,Royal Challengers Bangalore,1,166.0,164.0,0.4801980198019802,0.5,155.77227722772278,157.82178217821783,155.0,143.2
1254115,2021-10-11,Royal Challengers Bangalore,Kolkata Knight Riders,0,138.0,139.0,0.4827586206896552,0.5,155.82266009852216,157.85221674876848,157.0,144.6
1304049,2022-03-27,Royal Challengers Bangalore,Punjab Kings,0,205.0,208.0,0.4803921568627451,0.5,155.73529411764707,157.75980392156862,151.6,150.2
1304052,2022-03-30,Royal Challengers Bangalore,Royal Challengers Bangalore,1,132.0,128.0,0.47804878048780486,0.4,155.97560975609755,158.00487804878048,162.0,162.0
1304059,2022-04-05,Royal Challengers Bangalore,Royal Challengers Bangalore,1,173.0,169.0,0.48058252427184467,0.5,155.85922330097088,157.85922330097088,155.6,156.0
1304064,2022-04-09,Royal Challengers Bangalore,Royal Challengers Bangalore,1,152.0,151.0,0.4830917874396135,0.6,155.94202898550725,157.91304347826087,162.8,161.6
1304068,2022-04-12,Royal Challengers Bangalore,Chennai Super Kings,0,193.0,216.0,0.4855769230769231,0.7,155.92307692307693,157.87980769230768,160.0,159.0
1304073,2022-04-16,Royal Challengers Bangalore,Royal Challengers Bangalore,1,189.0,173.0,0.48325358851674644,0.6,156.10047846889952,158.1578947368421,171.0,174.4
1304077,2022-04-19,Royal Challengers Bangalore,Royal Challengers Bangalore,1,181.0,163.0,0.4857142857142857,0.6,156.25714285714287,158.22857142857143,167.8,167.4
1304082,2022-04-23,Royal Challengers Bangalore,Sunrisers Hyderabad,0,68.0,72.0,0.4881516587677725,0.6,156.37440758293837,158.25118483412322,177.6,174.4
1304085,2022-04-26,Royal Challengers Bangalore,Rajasthan Royals,0,115.0,144.0,0.4858490566037736,0.6,155.95754716981133,157.8443396226415,156.6,155.0
1304089,2022-04-30,Royal Challengers Bangalore,Gujarat Titans,0,170.0,174.0,0.4835680751173709,0.5,155.76525821596243,157.7793427230047,149.2,153.6
1304095,2022-05-04,Royal Challengers Bangalore,Royal Challengers Bangalore,1,173.0,160.0,0.48130841121495327,0.5,155.83177570093457,157.8551401869159,144.6,145.2
1304100,2022-05-08,Royal Challengers Bangalore,Royal Challengers Bangalore,1,192.0,125.0,0.48372093023255813,0.6,155.91162790697675,157.86511627906978,141.4,142.6
1304106,2022-05-13,Royal Challengers Bangalore,Punjab Kings,0,155.0,209.0,0.4861111111111111,0.6,156.0787037037037,157.71296296296296,143.6,135.0
1304113,2022-05-19,Royal Challengers Bangalore,Royal Challengers Bangalore,1,170.0,168.0,0.4838709677419355,0.5,156.073732718894,157.94930875576037,161.0,162.4
1312198,2022-05-25,Royal Challengers Bangalore,Royal Challengers Bangalore,1,207.0,193.0,0.48623853211009177,0.5,156.13761467889907,157.9954128440367,172.0,167.2
1312199,2022-05-27,Royal Challengers Bangalore,Rajasthan Royals,0,157.0,161.0,0.4885844748858447,0.6,156.36986301369862,158.1552511415525,179.4,171.0
1359479,2023-04-02,Royal Challengers Bangalore,Royal Challengers Bangalore,1,172.0,171.0,0.4863636363636364,0.5,156.37272727272727,158.1681818181818,176.2,171.2
1359483,2023-04-06,Royal Challengers Bangalore,Kolkata Knight Riders,0,123.0,204.0,0.48868778280542985,0.5,156.44343891402715,158.2262443438914,172.2,180.4
1359489,2023-04-10,Royal Challengers Bangalore,Lucknow Super Giants,0,212.0,213.0,0.4864864864864865,0.5,156.2927927927928,158.43243243243242,165.8,179.4
1359494,2023-04-15,Royal Challengers Bangalore,Royal Challengers Bangalore,1,174.0,151.0,0.484304932735426,0.5,156.542600896861,158.67713004484304,174.2,188.4
1359498,2023-04-17,Royal Challengers Bangalore,Chennai Super Kings,0,218.0,226.0,0.48660714285714285,0.6,156.62053571428572,158.64285714285714,167.6,180.0
1359501,2023-04-20,Royal Challengers Bangalore,Royal Challengers Bangalore,1,174.0,150.0,0.48444444444444446,0.5,156.89333333333335,158.94222222222223,179.8,193.0
1359506,2023-04-23,Royal Challengers Bangalore,Royal Challengers Bangalore,1,189.0,182.0,0.48672566371681414,0.5,156.96902654867256,158.90265486725664,180.2,188.8
1359510,2023-04-26,Royal Challengers Bangalore,Kolkata Knight Riders,0,179.0,200.0,0.4889867841409692,0.6,157.11013215859032,159.00440528634363,193.4,184.4
1359517,2023-05-01,Royal Challengers Bangalore,Royal Challengers Bangalore,1,126.0,108.0,0.4868421052631579,0.5,157.2061403508772,159.18421052631578,186.8,181.8
1359524,2023-05-06,Royal Challengers Bangalore,Delhi Capitals,0,181.0,187.0,0.4890829694323144,0.5,157.0698689956332,158.96069868995633,177.2,173.2
1359528,2023-05-09,Royal Challengers Bangalore,Mumbai Indians,0,199.0,200.0,0.48695652173913045,0.5,157.17391304347825,159.08260869565217,169.8,165.4
1359534,2023-05-14,Royal Challengers Bangalore,Royal Challengers Bangalore,1,171.0,59.0,0.48484848484848486,0.4,157.35497835497836,159.25974025974025,174.8,175.4
1359539,2023-05-18,Royal Challengers Bangalore,Royal Challengers Bangalore,1,187.0,186.0,0.4870689655172414,0.5,157.41379310344828,158.82758620689654,171.2,150.8
1359544,2023-05-21,Royal Challengers Bangalore,Gujarat Titans,0,197.0,198.0,0.4892703862660944,0.6,157.54077253218884,158.94420600858368,172.8,148.0
1422119,2024-03-22,Royal Challengers Bengaluru,Chennai Super Kings,0,,,0.5,0.5,160.0,160.0,160.0,160.0
1422124,2024-03-25,Royal Challengers Bengaluru,Royal Challengers Bengaluru,1,,,0.0,0.5,160.0,160.0,160.0,160.0
1422128,2024-03-29,Royal Challengers Bengaluru,Kolkata Knight Riders,0,,,0.5,0.5,160.0,160.0,160.0,160.0
1422133,2024-04-02,Royal Challengers Bengaluru,Lucknow Super Giants,0,,,0.3333333333333333,0.3333333333333333,160.0,160.0,160.0,160.0
1422137,2024-04-06,Royal Challengers Bengaluru,Rajasthan Royals,0,,,0.25,0.25,160.0,160.0,160.0,160.0
1426263,2024-04-11,Royal Challengers Bengaluru,Mumbai Indians,0,,,0.2,0.2,160.0,160.0,160.0,160.0
1426268,2024-04-15,Royal Challengers Bengaluru,Sunrisers Hyderabad,0,,,0.16666666666666666,0.16666666666666666,160.0,160.0,160.0,160.0
1426274,2024-04-21,Royal Challengers Bengaluru,Kolkata Knight Riders,0,,,0.14285714285714285,0.14285714285714285,160.0,160.0,160.0,160.0
1426279,2024-04-25,Royal Challengers Bengaluru,Royal Challengers Bengaluru,1,,,0.125,0.125,160.0,160.0,160.0,160.0
1426283,2024-04-28,Royal Challengers Bengaluru,Royal Challengers Bengaluru,1,,,0.2222222222222222,0.2222222222222222,160.0,160.0,160.0,160.0
1426290,2024-05-04,Royal Challengers Bengaluru,Royal Challengers Bengaluru,1,,,0.3,0.3,160.0,160.0,160.0,160.0
1426296,2024-05-09,Royal Challengers Bengaluru,Royal Challengers Bengaluru,1,,,0.36363636363636365,0.4,160.0,160.0,160.0,160.0
1426300,2024-05-12,Royal Challengers Bengaluru,Royal Challengers Bengaluru,1,,,0.4166666666666667,0.4,160.0,160.0,160.0,160.0
1426306,2024-05-18,Royal Challengers Bengaluru,Royal Challengers Bengaluru,1,,,0.46153846153846156,0.5,160.0,160.0,160.0,160.0
1426310,2024-05-22,Royal Challengers Bengaluru,Rajasthan Royals,0,,,0.5,0.6,160.0,160.0,160.0,160.0
1473438,2025-03-22,Royal Challengers Bengaluru,Royal Challengers Bengaluru,1,,,0.4666666666666667,0.6,160.0,160.0,160.0,160.0
1473445,2025-03-28,Royal Challengers Bengaluru,Royal Challengers Bengaluru,1,,,0.5,0.7,160.0,160.0,160.0,160.0
1473451,2025-04-02,Royal Challengers Bengaluru,Gujarat Titans,0,,,0.5294117647058824,0.8,160.0,160.0,160.0,160.0
1473458,2025-04-07,Royal Challengers Bengaluru,Royal Challengers Bengaluru,1,,,0.5,0.8,160.0,160.0,160.0,160.0
1473461,2025-04-10,Royal Challengers Bengaluru,Delhi Capitals,0,,,0.5263157894736842,0.8,160.0,160.0,160.0,160.0
1473465,2025-04-13,Royal Challengers Bengaluru,Royal Challengers Bengaluru,1,,,0.5,0.7,160.0,160.0,160.0,160.0
1473471,2025-04-18,Royal Challengers Bengaluru,Punjab Kings,0,,,0.5238095238095238,0.7,160.0,160.0,160.0,160.0
1473474,2025-04-20,Royal Challengers Bengaluru,Royal Challengers Bengaluru,1,,,0.5,0.6,160.0,160.0,160.0,160.0
1473479,2025-04-24,Royal Challengers Bengaluru,Royal Challengers Bengaluru,1,,,0.5217391304347826,0.6,160.0,160.0,160.0,160.0
1473483,2025-04-27,Royal Challengers Bengaluru,Royal Challengers Bengaluru,1,,,0.5416666666666666,0.6,160.0,160.0,160.0,160.0
1473489,2025-05-03,Royal Challengers Bengaluru,Royal Challengers Bengaluru,1,,,0.56,0.7,160.0,160.0,160.0,160.0
1473503,2025-05-23,Royal Challengers Bengaluru,Sunrisers Hyderabad,0,,,0.5769230769230769,0.7,160.0,160.0,160.0,160.0
1473507,2025-05-27,Royal Challengers Bengaluru,Royal Challengers Bengaluru,1,,,0.5555555555555556,0.6,160.0,160.0,160.0,160.0
1473508,2025-05-29,Royal Challengers Bengaluru,Royal Challengers Bengaluru,1,,,0.5714285714285714,0.7,160.0,160.0,160.0,160.0
1473511,2025-06-03,Royal Challengers Bengaluru,Royal Challengers Bengaluru,1,,,0.5862068965517241,0.7,160.0,160.0,160.0,160.0
598000,2013-04-05,Sunrisers Hyderabad,Sunrisers Hyderabad,1,126.0,104.0,0.5,0.5,160.0,160.0,160.0,160.0
598048,2013-04-09,Sunrisers Hyderabad,Royal Challengers Bangalore,0,161.0,162.0,1.0,0.5,126.0,104.0,160.0,160.0
598010,2013-04-12,Sunrisers Hyderabad,Sunrisers Hyderabad,1,115.0,114.0,0.5,0.5,143.5,133.0,143.5,133.0
598013,2013-04-14,Sunrisers Hyderabad,Kolkata Knight Riders,0,132.0,180.0,0.6666666666666666,0.6666666666666666,134.0,126.66666666666667,134.0,126.66666666666667
598018,2013-04-17,Sunrisers Hyderabad,Sunrisers Hyderabad,1,119.0,108.0,0.5,0.5,133.5,140.0,133.5,140.0
598021,2013-04-19,Sunrisers Hyderabad,Sunrisers Hyderabad,1,127.0,123.0,0.6,0.6,130.6,133.6,130.6,133.6
598030,2013-04-25,Sunrisers Hyderabad,Chennai Super Kings,0,159.0,160.0,0.6666666666666666,0.6666666666666666,130.0,131.83333333333334,130.8,137.4
598032,2013-04-27,Sunrisers Hyderabad,Rajasthan Royals,0,144.0,146.0,0.5714285714285714,0.5714285714285714,134.14285714285714,135.85714285714286,130.4,137.0
598039,2013-05-01,Sunrisers Hyderabad,Sunrisers Hyderabad,1,130.0,129.0,0.5,0.5,135.375,137.125,136.2,143.4
598044,2013-05-04,Sunrisers Hyderabad,Sunrisers Hyderabad,1,81.0,80.0,0.5555555555555556,0.5555555555555556,134.77777777777777,136.22222222222223,135.8,133.2
598051,2013-05-08,Sunrisers Hyderabad,Chennai Super Kings,0,146.0,223.0,0.6,0.6,129.4,130.6,128.2,127.6
598056,2013-05-11,Sunrisers Hyderabad,Sunrisers Hyderabad,1,150.0,120.0,0.5454545454545454,0.5,130.9090909090909,139.0,132.0,147.6
598060,2013-05-13,Sunrisers Hyderabad,Mumbai Indians,0,178.0,184.0,0.5833333333333334,0.6,132.5,137.41666666666666,130.2,139.6
598065,2013-05-17,Sunrisers Hyderabad,Sunrisers Hyderabad,1,136.0,113.0,0.5384615384615384,0.5,136.0,141.0,137.0,147.2
598069,2013-05-19,Sunrisers Hyderabad,Sunrisers Hyderabad,1,132.0,130.0,0.5714285714285714,0.6,136.0,139.0,138.2,144.0
598071,2013-05-22,Sunrisers Hyderabad,Rajasthan Royals,0,132.0,135.0,0.6,0.6,135.73333333333332,138.4,148.4,154.0
729285,2014-04-18,Sunrisers Hyderabad,Rajasthan Royals,0,133.0,135.0,0.5625,0.5,135.5,138.1875,145.6,136.4
729295,2014-04-22,Sunrisers Hyderabad,Kings XI Punjab,0,121.0,193.0,0.5294117647058824,0.5,135.35294117647058,138.0,142.2,139.4
729301,2014-04-25,Sunrisers Hyderabad,Sunrisers Hyderabad,1,184.0,180.0,0.5,0.5,134.55555555555554,141.05555555555554,130.8,141.2
729311,2014-04-27,Sunrisers Hyderabad,Chennai Super Kings,0,145.0,146.0,0.5263157894736842,0.5,137.1578947368421,143.10526315789474,140.4,154.6
729317,2014-04-30,Sunrisers Hyderabad,Sunrisers Hyderabad,1,172.0,157.0,0.5,0.4,137.55,143.25,143.0,157.8
733977,2014-05-04,Sunrisers Hyderabad,Royal Challengers Bangalore,0,155.0,158.0,0.5238095238095238,0.5,139.1904761904762,143.9047619047619,151.0,162.2
733989,2014-05-08,Sunrisers Hyderabad,Sunrisers Hyderabad,1,134.0,102.0,0.5,0.4,139.9090909090909,144.54545454545453,155.4,166.8
733993,2014-05-10,Sunrisers Hyderabad,Sunrisers Hyderabad,1,44.0,143.0,0.5217391304347826,0.5,139.65217391304347,142.69565217391303,158.0,148.6
734001,2014-05-12,Sunrisers Hyderabad,Mumbai Indians,0,157.0,160.0,0.5416666666666666,0.5,135.66666666666666,142.70833333333334,130.0,141.2
734007,2014-05-14,Sunrisers Hyderabad,Kings XI Punjab,0,205.0,211.0,0.52,0.4,136.52,143.4,132.4,144.0
734015,2014-05-18,Sunrisers Hyderabad,Kolkata Knight Riders,0,142.0,146.0,0.5,0.4,139.15384615384616,146.0,139.0,154.8
734021,2014-05-20,Sunrisers Hyderabad,Sunrisers Hyderabad,1,161.0,160.0,0.48148148148148145,0.4,139.25925925925927,146.0,136.4,152.4
734029,2014-05-22,Sunrisers Hyderabad,Sunrisers Hyderabad,1,189.0,185.0,0.5,0.5,140.03571428571428,146.5,141.8,164.0
734037,2014-05-24,Sunrisers Hyderabad,Kolkata Knight Riders,0,160.0,161.0,0.5172413793103449,0.5,141.72413793103448,147.82758620689654,170.8,172.4
829711,2015-04-11,Sunrisers Hyderabad,Chennai Super Kings,0,164.0,209.0,0.5,0.5,142.33333333333334,148.26666666666668,171.4,172.6
829719,2015-04-13,Sunrisers Hyderabad,Sunrisers Hyderabad,1,172.0,166.0,0.4838709677419355,0.4,143.03225806451613,150.2258064516129,163.2,172.2
829727,2015-04-16,Sunrisers Hyderabad,Rajasthan Royals,0,127.0,131.0,0.5,0.5,143.9375,150.71875,169.2,176.2
829731,2015-04-18,Sunrisers Hyderabad,Delhi Daredevils,0,163.0,167.0,0.48484848484848486,0.4,143.42424242424244,150.12121212121212,162.4,170.4
829743,2015-04-22,Sunrisers Hyderabad,Sunrisers Hyderabad,1,176.0,101.0,0.47058823529411764,0.3,144.0,150.61764705882354,157.2,166.8
829751,2015-04-25,Sunrisers Hyderabad,Mumbai Indians,0,137.0,157.0,0.4857142857142857,0.4,144.9142857142857,149.2,160.4,154.8
829759,2015-04-27,Sunrisers Hyderabad,Sunrisers Hyderabad,1,150.0,130.0,0.4722222222222222,0.4,144.69444444444446,149.41666666666666,155.0,144.4
829773,2015-05-02,Sunrisers Hyderabad,Sunrisers Hyderabad,1,192.0,170.0,0.4864864864864865,0.5,144.83783783783784,148.8918918918919,150.6,137.2
829781,2015-05-04,Sunrisers Hyderabad,Kolkata Knight Riders,0,132.0,167.0,0.5,0.5,146.07894736842104,149.44736842105263,163.6,145.0
829787,2015-05-07,Sunrisers Hyderabad,Sunrisers Hyderabad,1,201.0,194.0,0.48717948717948717,0.4,145.71794871794873,149.89743589743588,157.4,145.0
829793,2015-05-09,Sunrisers Hyderabad,Sunrisers Hyderabad,1,163.0,157.0,0.5,0.5,147.1,151.0,162.4,163.6
829799,2015-05-11,Sunrisers Hyderabad,Sunrisers Hyderabad,1,185.0,180.0,0.5121951219512195,0.6,147.4878048780488,151.14634146341464,167.6,163.6
829807,2015-05-15,Sunrisers Hyderabad,Royal Challengers Bangalore,0,135.0,83.0,0.5238095238095238,0.6,148.38095238095238,151.83333333333334,174.6,173.6
829815,2015-05-17,Sunrisers Hyderabad,Mumbai Indians,0,113.0,114.0,0.5116279069767442,0.6,148.06976744186048,150.2325581395349,163.2,156.2
980907,2016-04-12,Sunrisers Hyderabad,Royal Challengers Bangalore,0,182.0,227.0,0.5,0.6,147.27272727272728,149.4090909090909,159.4,145.6
980915,2016-04-16,Sunrisers Hyderabad,Kolkata Knight Riders,0,142.0,146.0,0.4888888888888889,0.5,148.04444444444445,151.13333333333333,155.6,152.2
980923,2016-04-18,Sunrisers Hyderabad,Sunrisers Hyderabad,1,145.0,142.0,0.4782608695652174,0.5,147.91304347826087,151.02173913043478,151.4,150.0
980929,2016-04-21,Sunrisers Hyderabad,Sunrisers Hyderabad,1,137.0,135.0,0.48936170212765956,0.5,147.85106382978722,150.82978723404256,143.4,142.4
980935,2016-04-23,Sunrisers Hyderabad,Sunrisers Hyderabad,1,146.0,143.0,0.5,0.5,147.625,150.5,143.8,152.8
980943,2016-04-26,Sunrisers Hyderabad,Rising Pune Supergiants,0,118.0,94.0,0.5102040816326531,0.6,147.59183673469389,150.3469387755102,150.4,158.6
980953,2016-04-30,Sunrisers Hyderabad,Sunrisers Hyderabad,1,194.0,179.0,0.5,0.5,147.0,149.22,137.6,132.0
980967,2016-05-06,Sunrisers Hyderabad,Sunrisers Hyderabad,1,129.0,126.0,0.5098039215686274,0.5,147.92156862745097,149.80392156862746,148.0,138.6
980973,2016-05-08,Sunrisers Hyderabad,Sunrisers Hyderabad,1,177.0,92.0,0.5192307692307693,0.5,147.55769230769232,149.34615384615384,144.8,135.4
980979,2016-05-10,Sunrisers Hyderabad,Sunrisers Hyderabad,1,137.0,133.0,0.5283018867924528,0.6,148.11320754716982,148.26415094339623,152.8,126.8
980983,2016-05-12,Sunrisers Hyderabad,Delhi Daredevils,0,146.0,150.0,0.5370370370370371,0.7,147.90740740740742,147.9814814814815,151.0,124.8
980991,2016-05-15,Sunrisers Hyderabad,Sunrisers Hyderabad,1,180.0,179.0,0.5272727272727272,0.7,147.87272727272727,148.01818181818183,156.6,136.0
981003,2016-05-20,Sunrisers Hyderabad,Delhi Daredevils,0,158.0,161.0,0.5357142857142857,0.8,148.44642857142858,148.57142857142858,153.8,136.0
981009,2016-05-22,Sunrisers Hyderabad,Kolkata Knight Riders,0,149.0,171.0,0.5263157894736842,0.7,148.6140350877193,148.78947368421052,159.6,143.0
981015,2016-05-25,Sunrisers Hyderabad,Sunrisers Hyderabad,1,162.0,140.0,0.5172413793103449,0.6,148.6206896551724,149.17241379310346,154.0,158.8
981017,2016-05-27,Sunrisers Hyderabad,Sunrisers Hyderabad,1,163.0,162.0,0.5254237288135594,0.6,148.84745762711864,149.01694915254237,159.0,160.2
981019,2016-05-29,Sunrisers Hyderabad,Sunrisers Hyderabad,1,208.0,200.0,0.5333333333333333,0.7,149.08333333333334,149.23333333333332,162.4,162.6
1082591,2017-04-05,Sunrisers Hyderabad,Sunrisers Hyderabad,1,207.0,172.0,0.5409836065573771,0.7,150.04918032786884,150.0655737704918,168.0,166.8
1082596,2017-04-09,Sunrisers Hyderabad,Sunrisers Hyderabad,1,140.0,135.0,0.5483870967741935,0.7,150.96774193548387,150.41935483870967,177.8,169.0
1082600,2017-04-12,Sunrisers Hyderabad,Mumbai Indians,0,158.0,159.0,0.5555555555555556,0.7,150.79365079365078,150.17460317460316,176.0,161.8
1082604,2017-04-15,Sunrisers Hyderabad,Kolkata Knight Riders,0,155.0,172.0,0.546875,0.6,150.90625,150.3125,175.2,165.6
1082609,2017-04-17,Sunrisers Hyderabad,Sunrisers Hyderabad,1,159.0,154.0,0.5384615384615384,0.6,150.96923076923076,150.64615384615385,173.6,167.6
1082611,2017-04-19,Sunrisers Hyderabad,Sunrisers Hyderabad,1,191.0,176.0,0.5454545454545454,0.6,151.0909090909091,150.6969696969697,163.8,158.4
1082615,2017-04-22,Sunrisers Hyderabad,Rising Pune Supergiant,0,176.0,179.0,0.5522388059701493,0.7,151.6865671641791,151.07462686567163,160.6,159.2
1082623,2017-04-28,Sunrisers Hyderabad,Sunrisers Hyderabad,1,207.0,181.0,0.5441176470588235,0.7,152.0441176470588,151.48529411764707,167.8,168.0
1082627,2017-04-30,Sunrisers Hyderabad,Sunrisers Hyderabad,1,209.0,161.0,0.5507246376811594,0.7,152.84057971014494,151.91304347826087,177.6,172.4
1082630,2017-05-02,Sunrisers Hyderabad,Delhi Daredevils,0,185.0,189.0,0.5571428571428572,0.7,153.64285714285714,152.04285714285714,188.4,170.2
1082634,2017-05-06,Sunrisers Hyderabad,Rising Pune Supergiant,0,136.0,148.0,0.5492957746478874,0.6,154.08450704225353,152.56338028169014,193.6,177.2
1082638,2017-05-08,Sunrisers Hyderabad,Sunrisers Hyderabad,1,140.0,138.0,0.5416666666666666,0.5,153.83333333333334,152.5,182.6,171.6
1082643,2017-05-13,Sunrisers Hyderabad,Sunrisers Hyderabad,1,158.0,154.0,0.547945205479452,0.5,153.64383561643837,152.3013698630137,175.4,163.4
1082648,2017-05-17,Sunrisers Hyderabad,Kolkata Knight Riders,0,128.0,48.0,0.5540540540540541,0.6,153.7027027027027,152.32432432432432,165.6,158.0
1136564,2018-04-09,Sunrisers Hyderabad,Sunrisers Hyderabad,1,127.0,125.0,0.5466666666666666,0.6,153.36,150.93333333333334,149.4,135.4
1136567,2018-04-12,Sunrisers Hyderabad,Sunrisers Hyderabad,1,151.0,147.0,0.5526315789473685,0.6,153.01315789473685,150.5921052631579,137.8,122.6
1136570,2018-04-14,Sunrisers Hyderabad,Sunrisers Hyderabad,1,139.0,138.0,0.5584415584415584,0.6,152.98701298701297,150.54545454545453,140.8,122.4
1136576,2018-04-19,Sunrisers Hyderabad,Kings XI Punjab,0,178.0,193.0,0.5641025641025641,0.7,152.80769230769232,150.3846153846154,140.6,122.4
1136580,2018-04-22,Sunrisers Hyderabad,Chennai Super Kings,0,178.0,182.0,0.5569620253164557,0.6,153.126582278481,150.9240506329114,144.6,130.2
1136583,2018-04-24,Sunrisers Hyderabad,Sunrisers Hyderabad,1,118.0,87.0,0.55,0.5,153.4375,151.3125,154.6,157.0
1136585,2018-04-26,Sunrisers Hyderabad,Sunrisers Hyderabad,1,132.0,119.0,0.5555555555555556,0.6,153.0,150.5185185185185,152.8,149.4
1136588,2018-04-29,Sunrisers Hyderabad,Sunrisers Hyderabad,1,151.0,140.0,0.5609756097560976,0.7,152.7439024390244,150.1341463414634,149.0,143.8
1136596,2018-05-05,Sunrisers Hyderabad,Sunrisers Hyderabad,1,164.0,163.0,0.5662650602409639,0.7,152.72289156626505,150.0120481927711,151.4,144.2
1136599,2018-05-07,Sunrisers Hyderabad,Sunrisers Hyderabad,1,146.0,141.0,0.5714285714285714,0.7,152.85714285714286,150.16666666666666,148.6,138.2
1136602,2018-05-10,Sunrisers Hyderabad,Sunrisers Hyderabad,1,191.0,187.0,0.5764705882352941,0.8,152.7764705882353,150.05882352941177,142.2,130.0
1136606,2018-05-13,Sunrisers Hyderabad,Chennai Super Kings,0,179.0,180.0,0.5813953488372093,0.8,153.22093023255815,150.48837209302326,156.8,150.0
1136611,2018-05-17,Sunrisers Hyderabad,Royal Challengers Bangalore,0,204.0,218.0,0.5747126436781609,0.7,153.51724137931035,150.82758620689654,166.2,162.2
1136614,2018-05-19,Sunrisers Hyderabad,Kolkata Knight Riders,0,172.0,173.0,0.5681818181818182,0.6,154.0909090909091,151.5909090909091,176.8,177.8
1136617,2018-05-22,Sunrisers Hyderabad,Chennai Super Kings,0,139.0,140.0,0.5617977528089888,0.6,154.2921348314607,151.8314606741573,178.4,179.8
1136619,2018-05-25,Sunrisers Hyderabad,Sunrisers Hyderabad,1,174.0,160.0,0.5555555555555556,0.6,154.12222222222223,151.7,177.0,179.6
1136620,2018-05-27,Sunrisers Hyderabad,Chennai Super Kings,0,178.0,181.0,0.5604395604395604,0.6,154.34065934065933,151.7912087912088,173.6,174.2
1175357,2019-03-24,Sunrisers Hyderabad,Kolkata Knight Riders,0,181.0,183.0,0.5543478260869565,0.5,154.59782608695653,152.1086956521739,173.4,174.4
1175363,2019-03-29,Sunrisers Hyderabad,Sunrisers Hyderabad,1,201.0,198.0,0.5483870967741935,0.4,154.88172043010752,152.44086021505376,168.8,167.4
1175366,2019-03-31,Sunrisers Hyderabad,Sunrisers Hyderabad,1,231.0,113.0,0.5531914893617021,0.4,155.37234042553192,152.9255319148936,174.6,172.4
1175371,2019-04-04,Sunrisers Hyderabad,Sunrisers Hyderabad,1,131.0,129.0,0.5578947368421052,0.4,156.16842105263157,152.50526315789475,193.0,167.0
1178394,2019-04-06,Sunrisers Hyderabad,Mumbai Indians,0,96.0,136.0,0.5625,0.4,155.90625,152.26041666666666,184.4,160.8
1178397,2019-04-08,Sunrisers Hyderabad,Kings XI Punjab,0,150.0,151.0,0.5567010309278351,0.4,155.28865979381445,152.09278350515464,168.0,151.8
1178405,2019-04-14,Sunrisers Hyderabad,Delhi Capitals,0,116.0,155.0,0.5510204081632653,0.4,155.23469387755102,152.08163265306123,161.8,145.4
1178408,2019-04-17,Sunrisers Hyderabad,Sunrisers Hyderabad,1,137.0,132.0,0.5454545454545454,0.4,154.83838383838383,152.11111111111111,144.8,136.8
1178413,2019-04-21,Sunrisers Hyderabad,Sunrisers Hyderabad,1,161.0,159.0,0.55,0.5,154.66,151.91,126.0,140.6
1178416,2019-04-23,Sunrisers Hyderabad,Chennai Super Kings,0,175.0,176.0,0.5544554455445545,0.5,154.72277227722773,151.98019801980197,132.0,146.6
1178420,2019-04-27,Sunrisers Hyderabad,Rajasthan Royals,0,160.0,161.0,0.5490196078431373,0.5,154.92156862745097,152.2156862745098,147.8,154.6
1178423,2019-04-29,Sunrisers Hyderabad,Sunrisers Hyderabad,1,212.0,167.0,0.5436893203883495,0.5,154.97087378640776,152.3009708737864,149.8,156.6
1178429,2019-05-04,Sunrisers Hyderabad,Royal Challengers Bangalore,0,175.0,178.0,0.5480769230769231,0.5,155.51923076923077,152.44230769230768,169.0,159.0
1181766,2019-05-08,Sunrisers Hyderabad,Delhi Capitals,0,162.0,165.0,0.5428571428571428,0.4,155.7047619047619,152.68571428571428,176.6,168.2
1216534,2020-09-21,Sunrisers Hyderabad,Royal Challengers Bangalore,0,153.0,163.0,0.5377358490566038,0.3,155.76415094339623,152.80188679245282,176.8,169.4
1216545,2020-09-26,Sunrisers Hyderabad,Kolkata Knight Riders,0,142.0,145.0,0.5327102803738317,0.3,155.73831775700936,152.89719626168224,172.4,166.8
1216532,2020-09-29,Sunrisers Hyderabad,Sunrisers Hyderabad,1,162.0,147.0,0.5277777777777778,0.3,155.61111111111111,152.82407407407408,168.8,163.6
1216516,2020-10-02,Sunrisers Hyderabad,Sunrisers Hyderabad,1,164.0,157.0,0.5321100917431193,0.4,155.6697247706422,152.77064220183487,158.8,159.6
1216538,2020-10-04,Sunrisers Hyderabad,Mumbai Indians,0,174.0,208.0,0.5363636363636364,0.4,155.74545454545455,152.8090909090909,156.6,155.4
1216542,2020-10-08,Sunrisers Hyderabad,Sunrisers Hyderabad,1,201.0,132.0,0.5315315315315315,0.3,155.9099099099099,153.3063063063063,159.0,164.0
1216507,2020-10-11,Sunrisers Hyderabad,Rajasthan Royals,0,158.0,163.0,0.5357142857142857,0.4,156.3125,153.11607142857142,168.6,157.8
1216528,2020-10-13,Sunrisers Hyderabad,Chennai Super Kings,0,147.0,167.0,0.5309734513274337,0.4,156.32743362831857,153.20353982300884,171.8,161.4
1216518,2020-10-22,Sunrisers Hyderabad,Sunrisers Hyderabad,1,156.0,154.0,0.5263157894736842,0.3,156.24561403508773,153.32456140350877,168.8,165.4
1216498,2020-10-24,Sunrisers Hyderabad,Kings XI Punjab,0,114.0,126.0,0.5304347826086957,0.4,156.24347826086955,153.3304347826087,167.2,164.8
1216524,2020-10-27,Sunrisers Hyderabad,Sunrisers Hyderabad,1,219.0,131.0,0.5258620689655172,0.4,155.8793103448276,153.0948275862069,155.2,148.4
1216502,2020-10-31,Sunrisers Hyderabad,Sunrisers Hyderabad,1,121.0,120.0,0.5299145299145299,0.5,156.4188034188034,152.9059829059829,158.8,148.2
1216495,2020-11-03,Sunrisers Hyderabad,Sunrisers Hyderabad,1,151.0,149.0,0.5338983050847458,0.6,156.11864406779662,152.6271186440678,151.4,139.6
1237178,2020-11-06,Sunrisers Hyderabad,Sunrisers Hyderabad,1,132.0,131.0,0.5378151260504201,0.6,156.07563025210084,152.5966386554622,152.2,136.0
1237180,2020-11-08,Sunrisers Hyderabad,Delhi Capitals,0,172.0,189.0,0.5416666666666666,0.6,155.875,152.41666666666666,147.4,131.4
1254060,2021-04-11,Sunrisers Hyderabad,Kolkata Knight Riders,0,177.0,187.0,0.5371900826446281,0.6,156.0082644628099,152.71900826446281,159.0,144.0
1254063,2021-04-14,Sunrisers Hyderabad,Royal Challengers Bangalore,0,143.0,149.0,0.5327868852459017,0.5,156.18032786885246,153.0,150.6,155.2
1254066,2021-04-17,Sunrisers Hyderabad,Mumbai Indians,0,137.0,150.0,0.5284552845528455,0.5,156.0731707317073,152.96747967479675,155.0,161.0
1254071,2021-04-21,Sunrisers Hyderabad,Sunrisers Hyderabad,1,121.0,120.0,0.5241935483870968,0.5,155.91935483870967,152.94354838709677,152.2,161.2
1254080,2021-04-28,Sunrisers Hyderabad,Chennai Super Kings,0,171.0,173.0,0.528,0.5,155.64,152.68,150.0,159.0
1254085,2021-05-02,Sunrisers Hyderabad,Rajasthan Royals,0,165.0,220.0,0.5238095238095238,0.5,155.76190476190476,152.84126984126985,149.8,155.8
1254105,2021-09-22,Sunrisers Hyderabad,Delhi Capitals,0,134.0,139.0,0.5196850393700787,0.4,155.83464566929135,153.37007874015748,147.4,162.4
1254107,2021-09-25,Sunrisers Hyderabad,Punjab Kings,0,120.0,125.0,0.515625,0.3,155.6640625,153.2578125,145.6,160.4
1254100,2021-09-27,Sunrisers Hyderabad,Sunrisers Hyderabad,1,167.0,164.0,0.5116279069767442,0.2,155.3875968992248,153.03875968992247,142.2,155.4
1254091,2021-09-30,Sunrisers Hyderabad,Chennai Super Kings,0,134.0,139.0,0.5153846153846153,0.2,155.47692307692307,153.12307692307692,151.4,164.2
1254109,2021-10-03,Sunrisers Hyderabad,Kolkata Knight Riders,0,115.0,119.0,0.5114503816793893,0.2,155.31297709923663,153.01526717557252,144.0,157.4
1254095,2021-10-06,Sunrisers Hyderabad,Sunrisers Hyderabad,1,141.0,137.0,0.5075757575757576,0.2,155.00757575757575,152.75757575757575,134.0,137.2
1254088,2021-10-08,Sunrisers Hyderabad,Mumbai Indians,0,193.0,235.0,0.5112781954887218,0.3,154.90225563909775,152.6390977443609,135.4,136.8
1304051,2022-03-29,Sunrisers Hyderabad,Rajasthan Royals,0,149.0,210.0,0.5074626865671642,0.3,155.1865671641791,153.2537313432836,150.0,158.8
1304058,2022-04-04,Sunrisers Hyderabad,Lucknow Super Giants,0,157.0,169.0,0.5037037037037037,0.2,155.14074074074074,153.67407407407407,146.4,168.0
1304063,2022-04-09,Sunrisers Hyderabad,Sunrisers Hyderabad,1,155.0,154.0,0.5,0.2,155.15441176470588,153.78676470588235,151.0,174.0
1304067,2022-04-11,Sunrisers Hyderabad,Sunrisers Hyderabad,1,168.0,162.0,0.5036496350364964,0.3,155.15328467153284,153.78832116788323,159.0,181.0
1304071,2022-04-15,Sunrisers Hyderabad,Sunrisers Hyderabad,1,176.0,175.0,0.5072463768115942,0.4,155.2463768115942,153.84782608695653,164.4,186.0
1304074,2022-04-17,Sunrisers Hyderabad,Sunrisers Hyderabad,1,152.0,151.0,0.5107913669064749,0.5,155.3956834532374,154.0,161.0,174.0
1304082,2022-04-23,Sunrisers Hyderabad,Sunrisers Hyderabad,1,72.0,68.0,0.5142857142857142,0.5,155.37142857142857,153.97857142857143,161.6,162.2
1304086,2022-04-27,Sunrisers Hyderabad,Gujarat Titans,0,195.0,199.0,0.5177304964539007,0.6,154.78014184397162,153.36879432624113,144.6,142.0
1304092,2022-05-01,Sunrisers Hyderabad,Chennai Super Kings,0,189.0,202.0,0.5140845070422535,0.6,155.06338028169014,153.69014084507043,152.6,151.0
1304096,2022-05-05,Sunrisers Hyderabad,Delhi Capitals,0,186.0,207.0,0.5104895104895105,0.5,155.3006993006993,154.02797202797203,156.8,159.0
1304100,2022-05-08,Sunrisers Hyderabad,Royal Challengers Bangalore,0,125.0,192.0,0.5069444444444444,0.5,155.51388888888889,154.39583333333334,158.8,165.4
1304107,2022-05-14,Sunrisers Hyderabad,Kolkata Knight Riders,0,123.0,177.0,0.503448275862069,0.5,155.30344827586208,154.6551724137931,153.4,173.6
1304111,2022-05-17,Sunrisers Hyderabad,Sunrisers Hyderabad,1,193.0,190.0,0.5,0.5,155.08219178082192,154.8082191780822,163.6,195.4
1304116,2022-05-22,Sunrisers Hyderabad,Punjab Kings,0,157.0,160.0,0.5034013605442177,0.5,155.34013605442178,155.04761904761904,163.2,193.6
1359478,2023-04-02,Sunrisers Hyderabad,Rajasthan Royals,0,131.0,203.0,0.5,0.4,155.35135135135135,155.0810810810811,156.8,185.2
1359484,2023-04-07,Sunrisers Hyderabad,Lucknow Super Giants,0,121.0,127.0,0.4966442953020134,0.3,155.18791946308724,155.40268456375838,145.8,184.4
1359488,2023-04-09,Sunrisers Hyderabad,Sunrisers Hyderabad,1,145.0,143.0,0.49333333333333335,0.2,154.96,155.21333333333334,145.0,171.4
1359493,2023-04-14,Sunrisers Hyderabad,Sunrisers Hyderabad,1,228.0,205.0,0.4966887417218543,0.2,154.89403973509934,155.13245033112582,149.4,164.6
1359499,2023-04-18,Sunrisers Hyderabad,Mumbai Indians,0,178.0,192.0,0.5,0.3,155.375,155.46052631578948,156.4,167.6
1359503,2023-04-21,Sunrisers Hyderabad,Chennai Super Kings,0,134.0,138.0,0.49673202614379086,0.3,155.52287581699346,155.69934640522877,160.6,174.0
1359508,2023-04-24,Sunrisers Hyderabad,Delhi Capitals,0,137.0,144.0,0.4935064935064935,0.3,155.38311688311688,155.58441558441558,161.2,161.0
1359514,2023-04-29,Sunrisers Hyderabad,Sunrisers Hyderabad,1,197.0,188.0,0.49032258064516127,0.3,155.26451612903224,155.50967741935483,164.4,164.4
1359521,2023-05-04,Sunrisers Hyderabad,Kolkata Knight Riders,0,166.0,171.0,0.4935897435897436,0.4,155.53205128205127,155.71794871794873,174.8,173.4
1359526,2023-05-07,Sunrisers Hyderabad,Sunrisers Hyderabad,1,217.0,214.0,0.49044585987261147,0.3,155.59872611464968,155.81528662420382,162.4,166.6
1359532,2023-05-13,Sunrisers Hyderabad,Lucknow Super Giants,0,182.0,185.0,0.4936708860759494,0.4,155.9873417721519,156.18354430379748,170.2,171.0
1359536,2023-05-15,Sunrisers Hyderabad,Gujarat Titans,0,154.0,188.0,0.49056603773584906,0.4,156.1509433962264,156.36477987421384,179.8,180.4
1359539,2023-05-18,Sunrisers Hyderabad,Royal Challengers Bangalore,0,186.0,187.0,0.4875,0.4,156.1375,156.5625,183.2,189.2
1359543,2023-05-21,Sunrisers Hyderabad,Mumbai Indians,0,200.0,201.0,0.484472049689441,0.3,156.32298136645963,156.75155279503105,181.0,189.0
1422121,2024-03-23,Sunrisers Hyderabad,Kolkata Knight Riders,0,,,0.48148148148148145,0.2,156.59259259259258,157.02469135802468,187.8,195.0
1422126,2024-03-27,Sunrisers Hyderabad,Sunrisers Hyderabad,1,,,0.4785276073619632,0.2,156.59259259259258,157.02469135802468,180.5,190.25
1422130,2024-03-31,Sunrisers Hyderabad,Gujarat Titans,0,,,0.4817073170731707,0.3,156.59259259259258,157.02469135802468,180.0,192.0
1422136,2024-04-05,Sunrisers Hyderabad,Sunrisers Hyderabad,1,,,0.47878787878787876,0.3,156.59259259259258,157.02469135802468,193.0,194.0
1426261,2024-04-09,Sunrisers Hyderabad,Sunrisers Hyderabad,1,,,0.4819277108433735,0.3,156.59259259259258,157.02469135802468,160.0,160.0
1426268,2024-04-15,Sunrisers Hyderabad,Sunrisers Hyderabad,1,,,0.48502994011976047,0.4,156.59259259259258,157.02469135802468,160.0,160.0
1426273,2024-04-20,Sunrisers Hyderabad,Sunrisers Hyderabad,1,,,0.4880952380952381,0.4,156.59259259259258,157.02469135802468,160.0,160.0
1426279,2024-04-25,Sunrisers Hyderabad,Royal Challengers Bengaluru,0,,,0.4911242603550296,0.5,156.59259259259258,157.02469135802468,160.0,160.0
1426284,2024-04-28,Sunrisers Hyderabad,Chennai Super Kings,0,,,0.48823529411764705,0.5,156.59259259259258,157.02469135802468,160.0,160.0
1426288,2024-05-02,Sunrisers Hyderabad,Sunrisers Hyderabad,1,,,0.4853801169590643,0.5,156.59259259259258,157.02469135802468,160.0,160.0
1426293,2024-05-06,Sunrisers Hyderabad,Mumbai Indians,0,,,0.4883720930232558,0.6,156.59259259259258,157.02469135802468,160.0,160.0
1426295,2024-05-08,Sunrisers Hyderabad,Sunrisers Hyderabad,1,,,0.48554913294797686,0.6,156.59259259259258,157.02469135802468,160.0,160.0
1426307,2024-05-19,Sunrisers Hyderabad,Sunrisers Hyderabad,1,,,0.4885057471264368,0.6,156.59259259259258,157.02469135802468,160.0,160.0
1426309,2024-05-21,Sunrisers Hyderabad,Kolkata Knight Riders,0,,,0.49142857142857144,0.7,156.59259259259258,157.02469135802468,160.0,160.0
1426311,2024-05-24,Sunrisers Hyderabad,Sunrisers Hyderabad,1,,,0.48863636363636365,0.6,156.59259259259258,157.02469135802468,160.0,160.0
1426312,2024-05-26,Sunrisers Hyderabad,Kolkata Knight Riders,0,,,0.4915254237288136,0.6,156.59259259259258,157.02469135802468,160.0,160.0
1473439,2025-03-23,Sunrisers Hyderabad,Sunrisers Hyderabad,1,,,0.4887640449438202,0.5,156.59259259259258,157.02469135802468,160.0,160.0
1473444,2025-03-27,Sunrisers Hyderabad,Lucknow Super Giants,0,,,0.49162011173184356,0.5,156.59259259259258,157.02469135802468,160.0,160.0
1473447,2025-03-30,Sunrisers Hyderabad,Delhi Capitals,0,,,0.4888888888888889,0.5,156.59259259259258,157.02469135802468,160.0,160.0
1473452,2025-04-03,Sunrisers Hyderabad,Kolkata Knight Riders,0,,,0.4861878453038674,0.5,156.59259259259258,157.02469135802468,160.0,160.0
1473457,2025-04-06,Sunrisers Hyderabad,Gujarat Titans,0,,,0.4835164835164835,0.4,156.59259259259258,157.02469135802468,160.0,160.0
1473464,2025-04-12,Sunrisers Hyderabad,Sunrisers Hyderabad,1,,,0.4808743169398907,0.4,156.59259259259258,157.02469135802468,160.0,160.0
1473470,2025-04-17,Sunrisers Hyderabad,Mumbai Indians,0,,,0.483695652173913,0.4,156.59259259259258,157.02469135802468,160.0,160.0
1473478,2025-04-23,Sunrisers Hyderabad,Mumbai Indians,0,,,0.4810810810810811,0.3,156.59259259259258,157.02469135802468,160.0,160.0
1473480,2025-04-25,Sunrisers Hyderabad,Sunrisers Hyderabad,1,,,0.478494623655914,0.3,156.59259259259258,157.02469135802468,160.0,160.0
1473488,2025-05-02,Sunrisers Hyderabad,Gujarat Titans,0,,,0.48128342245989303,0.3,156.59259259259258,157.02469135802468,160.0,160.0
1473499,2025-05-19,Sunrisers Hyderabad,Sunrisers Hyderabad,1,,,0.4787234042553192,0.3,156.59259259259258,157.02469135802468,160.0,160.0
1473503,2025-05-23,Sunrisers Hyderabad,Sunrisers Hyderabad,1,,,0.48148148148148145,0.3,156.59259259259258,157.02469135802468,160.0,160.0
1473505,2025-05-25,Sunrisers Hyderabad,Sunrisers Hyderabad,1,,,0.4842105263157895,0.4,156.59259259259258,157.02469135802468,160.0,160.0
